original_check_id,partition_id,new_check_id
0,1,432
1,1,433
2,1,434
3,1,435
4,1,436
5,1,437
6,1,438
7,1,439
8,1,440
9,1,441
10,1,442
11,1,443
12,1,444
13,1,445
14,1,446
15,1,447
16,1,448
17,1,449
18,1,450
19,1,451
20,1,452
21,1,453
22,1,454
23,1,455
24,1,456
25,1,457
26,1,458
27,1,459
28,1,460
29,1,461
30,1,462
31,1,463
32,1,464
33,1,465
34,1,466
35,1,467
36,1,468
37,1,469
38,1,470
39,1,471
40,1,472
41,1,473
42,1,474
43,1,475
44,2,864
45,2,865
46,2,866
47,2,867
48,2,868
49,2,869
50,2,870
51,2,871
52,2,872
53,2,873
54,2,874
55,2,875
56,2,876
57,2,877
58,2,878
59,0,0
60,0,1
61,0,2
62,0,3
63,0,4
64,0,5
65,0,6
66,0,7
67,0,8
68,0,9
69,0,10
70,0,11
71,0,12
72,0,13
73,0,14
74,0,15
75,0,16
76,0,17
77,0,18
78,0,19
79,0,20
80,0,21
81,0,22
82,0,23
83,0,24
84,0,25
85,0,26
86,0,27
87,0,28
88,0,29
89,0,30
90,0,31
91,0,32
92,0,33
93,0,34
94,0,35
95,0,36
96,0,37
97,0,38
98,0,39
99,0,40
100,0,41
101,0,42
102,0,43
103,0,44
104,0,45
105,0,46
106,0,47
107,0,48
108,0,49
109,0,50
110,0,51
111,0,52
112,0,53
113,0,54
114,0,55
115,0,56
116,0,57
117,0,58
118,0,59
119,0,60
120,0,61
121,0,62
122,0,63
123,0,64
124,0,65
125,0,66
126,0,67
127,0,68
128,0,69
129,0,70
130,0,71
131,0,72
132,0,73
133,0,74
134,0,75
135,0,76
136,0,77
137,0,78
138,0,79
139,0,80
140,0,81
141,0,82
142,0,83
143,0,84
144,0,85
145,0,86
146,0,87
147,0,88
148,0,89
149,0,90
150,0,91
151,0,92
152,0,93
153,0,94
154,0,95
155,0,96
156,0,97
157,0,98
158,0,99
159,0,100
160,0,101
161,0,102
162,0,103
163,0,104
164,0,105
165,0,106
166,0,107
167,0,108
168,0,109
169,0,110
170,0,111
171,0,112
172,0,113
173,0,114
174,0,115
175,0,116
176,0,117
177,0,118
178,0,119
179,0,120
180,0,121
181,0,122
182,0,123
183,0,124
184,0,125
185,0,126
186,0,127
187,0,128
188,0,129
189,0,130
190,0,131
191,0,132
192,0,133
193,0,134
194,0,135
195,0,136
196,0,137
197,0,138
198,0,139
199,0,140
200,0,141
201,0,142
202,0,143
203,0,144
204,0,145
205,0,146
206,0,147
207,0,148
208,0,149
209,0,150
210,0,151
211,0,152
212,0,153
213,0,154
214,0,155
215,0,156
216,0,157
217,0,158
218,0,159
219,0,160
220,0,161
221,0,162
222,0,163
223,0,164
224,0,165
225,0,166
226,0,167
227,0,168
228,0,169
229,0,170
230,0,171
231,0,172
232,0,173
233,0,174
234,0,175
235,0,176
236,0,177
237,0,178
238,0,179
239,0,180
240,0,181
241,0,182
242,0,183
243,0,184
244,0,185
245,0,186
246,0,187
247,0,188
248,0,189
249,0,190
250,0,191
251,0,192
252,0,193
253,0,194
254,0,195
255,0,196
256,0,197
257,0,198
258,0,199
259,0,200
260,0,201
261,0,202
262,0,203
263,0,204
264,0,205
265,0,206
266,0,207
267,0,208
268,0,209
269,0,210
270,0,211
271,0,212
272,0,213
273,0,214
274,0,215
275,0,216
276,0,217
277,0,218
278,0,219
279,0,220
280,0,221
281,0,222
282,0,223
283,0,224
284,0,225
285,0,226
286,0,227
287,0,228
288,0,229
289,0,230
290,0,231
291,0,232
292,0,233
293,0,234
294,0,235
295,0,236
296,0,237
297,0,238
298,0,239
299,0,240
300,0,241
301,0,242
302,0,243
303,0,244
304,0,245
305,0,246
306,0,247
307,0,248
308,0,249
309,0,250
310,0,251
311,0,252
312,0,253
313,0,254
314,0,255
315,0,256
316,0,257
317,0,258
318,0,259
319,0,260
320,0,261
321,0,262
322,0,263
323,0,264
324,0,265
325,0,266
326,0,267
327,0,268
328,0,269
329,0,270
330,0,271
331,0,272
332,0,273
333,0,274
334,0,275
335,0,276
336,0,277
337,0,278
338,0,279
339,0,280
340,0,281
341,0,282
342,0,283
343,0,284
344,0,285
345,0,286
346,0,287
347,0,288
348,0,289
349,0,290
350,0,291
351,0,292
352,0,293
353,0,294
354,0,295
355,0,296
356,0,297
357,0,298
358,0,299
359,0,300
360,0,301
361,0,302
362,0,303
363,0,304
364,0,305
365,0,306
366,0,307
367,0,308
368,0,309
369,0,310
370,0,311
371,0,312
372,0,313
373,0,314
374,0,315
375,0,316
376,0,317
377,0,318
378,0,319
379,0,320
380,0,321
381,1,476
382,0,322
383,0,323
384,0,324
385,0,325
386,0,326
387,0,327
388,0,328
389,0,329
390,0,330
391,0,331
392,0,332
393,0,333
394,0,334
395,0,335
396,0,336
397,0,337
398,0,338
399,0,339
400,0,340
401,0,341
402,0,342
403,0,343
404,0,344
405,0,345
406,0,346
407,0,347
408,0,348
409,0,349
410,0,350
411,0,351
412,0,352
413,0,353
414,0,354
415,0,355
416,0,356
417,0,357
418,0,358
419,0,359
420,0,360
421,0,361
422,0,362
423,0,363
424,0,364
425,0,365
426,0,366
427,0,367
428,0,368
429,0,369
430,0,370
431,0,371
432,0,372
433,0,373
434,0,374
435,0,375
436,0,376
437,0,377
438,0,378
439,0,379
440,1,477
441,0,380
442,0,381
443,0,382
444,0,383
445,0,384
446,1,478
447,0,385
448,0,386
449,0,387
450,0,388
451,0,389
452,0,390
453,0,391
454,0,392
455,1,479
456,0,393
457,0,394
458,0,395
459,0,396
460,0,397
461,0,398
462,0,399
463,0,400
464,0,401
465,0,402
466,0,403
467,0,404
468,0,405
469,0,406
470,0,407
471,0,408
472,0,409
473,0,410
474,1,480
475,0,411
476,0,412
477,0,413
478,0,414
479,0,415
480,1,481
481,0,416
482,1,482
483,0,417
484,0,418
485,0,419
486,1,483
487,0,420
488,0,421
489,0,422
490,0,423
491,0,424
492,0,425
493,1,484
494,0,426
495,1,485
496,0,427
497,1,486
498,1,487
499,0,428
500,0,429
501,1,488
502,0,430
503,0,431
504,1,489
505,1,490
506,1,491
507,1,492
508,1,493
509,1,494
510,1,495
511,1,496
512,1,497
513,1,498
514,1,499
515,1,500
516,1,501
517,1,502
518,1,503
519,1,504
520,1,505
521,1,506
522,1,507
523,1,508
524,1,509
525,1,510
526,1,511
527,1,512
528,1,513
529,1,514
530,1,515
531,1,516
532,1,517
533,1,518
534,1,519
535,1,520
536,1,521
537,1,522
538,1,523
539,1,524
540,1,525
541,1,526
542,1,527
543,1,528
544,1,529
545,1,530
546,1,531
547,1,532
548,1,533
549,1,534
550,1,535
551,1,536
552,1,537
553,1,538
554,1,539
555,1,540
556,1,541
557,1,542
558,1,543
559,1,544
560,1,545
561,1,546
562,1,547
563,1,548
564,1,549
565,1,550
566,1,551
567,1,552
568,1,553
569,1,554
570,1,555
571,1,556
572,1,557
573,1,558
574,1,559
575,1,560
576,1,561
577,1,562
578,1,563
579,1,564
580,1,565
581,1,566
582,1,567
583,1,568
584,1,569
585,1,570
586,1,571
587,1,572
588,1,573
589,1,574
590,1,575
591,1,576
592,1,577
593,1,578
594,1,579
595,1,580
596,1,581
597,1,582
598,1,583
599,1,584
600,1,585
601,1,586
602,1,587
603,1,588
604,1,589
605,1,590
606,1,591
607,1,592
608,1,593
609,1,594
610,1,595
611,1,596
612,1,597
613,1,598
614,1,599
615,1,600
616,1,601
617,1,602
618,1,603
619,1,604
620,1,605
621,1,606
622,1,607
623,1,608
624,1,609
625,1,610
626,1,611
627,1,612
628,1,613
629,1,614
630,1,615
631,1,616
632,1,617
633,1,618
634,1,619
635,1,620
636,1,621
637,1,622
638,1,623
639,1,624
640,1,625
641,1,626
642,1,627
643,1,628
644,1,629
645,1,630
646,1,631
647,1,632
648,1,633
649,1,634
650,1,635
651,1,636
652,1,637
653,1,638
654,1,639
655,1,640
656,1,641
657,1,642
658,1,643
659,1,644
660,1,645
661,1,646
662,1,647
663,1,648
664,1,649
665,1,650
666,1,651
667,1,652
668,1,653
669,1,654
670,1,655
671,1,656
672,1,657
673,1,658
674,1,659
675,1,660
676,1,661
677,1,662
678,1,663
679,1,664
680,1,665
681,1,666
682,1,667
683,1,668
684,1,669
685,1,670
686,1,671
687,1,672
688,1,673
689,1,674
690,1,675
691,1,676
692,1,677
693,1,678
694,1,679
695,1,680
696,1,681
697,1,682
698,1,683
699,1,684
700,1,685
701,1,686
702,1,687
703,1,688
704,1,689
705,1,690
706,1,691
707,1,692
708,1,693
709,1,694
710,1,695
711,1,696
712,1,697
713,1,698
714,1,699
715,1,700
716,1,701
717,1,702
718,1,703
719,1,704
720,1,705
721,1,706
722,1,707
723,1,708
724,1,709
725,1,710
726,1,711
727,1,712
728,1,713
729,1,714
730,1,715
731,1,716
732,1,717
733,1,718
734,1,719
735,1,720
736,1,721
737,1,722
738,1,723
739,1,724
740,1,725
741,1,726
742,1,727
743,1,728
744,1,729
745,1,730
746,1,731
747,1,732
748,1,733
749,1,734
750,1,735
751,1,736
752,1,737
753,1,738
754,1,739
755,1,740
756,1,741
757,1,742
758,1,743
759,1,744
760,1,745
761,1,746
762,1,747
763,1,748
764,1,749
765,1,750
766,1,751
767,1,752
768,1,753
769,1,754
770,1,755
771,1,756
772,1,757
773,1,758
774,1,759
775,1,760
776,1,761
777,1,762
778,1,763
779,1,764
780,1,765
781,1,766
782,1,767
783,1,768
784,1,769
785,1,770
786,1,771
787,1,772
788,1,773
789,1,774
790,1,775
791,1,776
792,1,777
793,1,778
794,2,879
795,2,880
796,1,779
797,1,780
798,1,781
799,1,782
800,1,783
801,2,881
802,1,784
803,1,785
804,1,786
805,1,787
806,1,788
807,1,789
808,1,790
809,1,791
810,2,882
811,1,792
812,1,793
813,1,794
814,1,795
815,1,796
816,1,797
817,1,798
818,1,799
819,1,800
820,1,801
821,1,802
822,1,803
823,2,883
824,1,804
825,1,805
826,2,884
827,1,806
828,1,807
829,2,885
830,1,808
831,1,809
832,2,886
833,1,810
834,1,811
835,2,887
836,1,812
837,1,813
838,1,814
839,1,815
840,1,816
841,1,817
842,1,818
843,1,819
844,1,820
845,1,821
846,1,822
847,1,823
848,2,888
849,1,824
850,1,825
851,2,889
852,1,826
853,1,827
854,1,828
855,1,829
856,1,830
857,2,890
858,1,831
859,1,832
860,2,891
861,1,833
862,1,834
863,2,892
864,1,835
865,2,893
866,1,836
867,1,837
868,2,894
869,1,838
870,1,839
871,2,895
872,2,896
873,1,840
874,2,897
875,2,898
876,1,841
877,2,899
878,2,900
879,1,842
880,2,901
881,2,902
882,1,843
883,2,903
884,2,904
885,1,844
886,2,905
887,2,906
888,2,907
889,1,845
890,2,908
891,1,846
892,1,847
893,2,909
894,2,910
895,1,848
896,2,911
897,2,912
898,1,849
899,2,913
900,2,914
901,1,850
902,2,915
903,2,916
904,1,851
905,2,917
906,2,918
907,1,852
908,2,919
909,2,920
910,1,853
911,1,854
912,2,921
913,2,922
914,2,923
915,2,924
916,2,925
917,1,855
918,1,856
919,2,926
920,1,857
921,2,927
922,2,928
923,1,858
924,2,929
925,2,930
926,1,859
927,2,931
928,2,932
929,1,860
930,2,933
931,2,934
932,1,861
933,1,862
934,2,935
935,1,863
936,2,936
937,2,937
938,2,938
939,2,939
940,2,940
941,2,941
942,2,942
943,2,943
944,2,944
945,2,945
946,2,946
947,2,947
948,2,948
949,2,949
950,2,950
951,2,951
952,2,952
953,2,953
954,2,954
955,2,955
956,2,956
957,2,957
958,2,958
959,2,959
960,2,960
961,2,961
962,2,962
963,2,963
964,2,964
965,2,965
966,2,966
967,2,967
968,2,968
969,2,969
970,2,970
971,2,971
972,2,972
973,2,973
974,2,974
975,2,975
976,2,976
977,2,977
978,2,978
979,2,979
980,2,980
981,2,981
982,2,982
983,2,983
984,2,984
985,2,985
986,2,986
987,2,987
988,2,988
989,2,989
990,2,990
991,2,991
992,2,992
993,2,993
994,2,994
995,2,995
996,2,996
997,2,997
998,2,998
999,2,999
1000,2,1000
1001,2,1001
1002,2,1002
1003,2,1003
1004,2,1004
1005,2,1005
1006,2,1006
1007,2,1007
1008,2,1008
1009,2,1009
1010,2,1010
1011,2,1011
1012,2,1012
1013,2,1013
1014,2,1014
1015,2,1015
1016,2,1016
1017,2,1017
1018,2,1018
1019,2,1019
1020,2,1020
1021,2,1021
1022,2,1022
1023,2,1023
1024,2,1024
1025,2,1025
1026,2,1026
1027,2,1027
1028,2,1028
1029,2,1029
1030,2,1030
1031,2,1031
1032,2,1032
1033,2,1033
1034,2,1034
1035,2,1035
1036,2,1036
1037,2,1037
1038,2,1038
1039,2,1039
1040,2,1040
1041,2,1041
1042,2,1042
1043,2,1043
1044,2,1044
1045,2,1045
1046,2,1046
1047,2,1047
1048,2,1048
1049,2,1049
1050,2,1050
1051,2,1051
1052,2,1052
1053,2,1053
1054,2,1054
1055,2,1055
1056,2,1056
1057,2,1057
1058,2,1058
1059,2,1059
1060,2,1060
1061,2,1061
1062,2,1062
1063,2,1063
1064,2,1064
1065,2,1065
1066,2,1066
1067,2,1067
1068,2,1068
1069,2,1069
1070,2,1070
1071,2,1071
1072,2,1072
1073,2,1073
1074,2,1074
1075,2,1075
1076,2,1076
1077,2,1077
1078,2,1078
1079,2,1079
1080,2,1080
1081,2,1081
1082,2,1082
1083,2,1083
1084,2,1084
1085,2,1085
1086,2,1086
1087,2,1087
1088,2,1088
1089,2,1089
1090,2,1090
1091,2,1091
1092,2,1092
1093,2,1093
1094,2,1094
1095,2,1095
1096,2,1096
1097,2,1097
1098,2,1098
1099,2,1099
1100,2,1100
1101,2,1101
1102,2,1102
1103,2,1103
1104,2,1104
1105,2,1105
1106,2,1106
1107,2,1107
1108,2,1108
1109,2,1109
1110,2,1110
1111,2,1111
1112,2,1112
1113,2,1113
1114,2,1114
1115,2,1115
1116,2,1116
1117,2,1117
1118,2,1118
1119,2,1119
1120,2,1120
1121,2,1121
1122,2,1122
1123,2,1123
1124,2,1124
1125,2,1125
1126,2,1126
1127,2,1127
1128,2,1128
1129,2,1129
1130,2,1130
1131,2,1131
1132,2,1132
1133,2,1133
1134,2,1134
1135,2,1135
1136,2,1136
1137,2,1137
1138,2,1138
1139,2,1139
1140,2,1140
1141,2,1141
1142,2,1142
1143,2,1143
1144,2,1144
1145,2,1145
1146,2,1146
1147,2,1147
1148,2,1148
1149,2,1149
1150,2,1150
1151,2,1151
1152,2,1152
1153,2,1153
1154,2,1154
1155,2,1155
1156,2,1156
1157,2,1157
1158,2,1158
1159,2,1159
1160,2,1160
1161,2,1161
1162,2,1162
1163,2,1163
1164,2,1164
1165,2,1165
1166,2,1166
1167,2,1167
1168,2,1168
1169,2,1169
1170,2,1170
1171,2,1171
1172,2,1172
1173,2,1173
1174,2,1174
1175,2,1175
1176,2,1176
1177,2,1177
1178,2,1178
1179,2,1179
1180,2,1180
1181,2,1181
1182,2,1182
1183,2,1183
1184,2,1184
1185,2,1185
1186,2,1186
1187,2,1187
1188,2,1188
1189,2,1189
1190,2,1190
1191,2,1191
1192,2,1192
1193,2,1193
1194,2,1194
1195,2,1195
1196,2,1196
1197,2,1197
1198,2,1198
1199,2,1199
1200,2,1200
1201,2,1201
1202,2,1202
1203,2,1203
1204,2,1204
1205,2,1205
1206,2,1206
1207,2,1207
1208,2,1208
1209,2,1209
1210,2,1210
1211,2,1211
1212,2,1212
1213,2,1213
1214,2,1214
1215,2,1215
1216,2,1216
1217,2,1217
1218,2,1218
1219,2,1219
1220,2,1220
1221,2,1221
1222,2,1222
1223,2,1223
1224,2,1224
1225,3,1296
1226,2,1225
1227,2,1226
1228,2,1227
1229,2,1228
1230,2,1229
1231,3,1297
1232,2,1230
1233,2,1231
1234,2,1232
1235,2,1233
1236,2,1234
1237,2,1235
1238,2,1236
1239,2,1237
1240,3,1298
1241,2,1238
1242,2,1239
1243,2,1240
1244,2,1241
1245,2,1242
1246,3,1299
1247,2,1243
1248,2,1244
1249,3,1300
1250,3,1301
1251,2,1245
1252,2,1246
1253,2,1247
1254,2,1248
1255,2,1249
1256,3,1302
1257,2,1250
1258,2,1251
1259,2,1252
1260,2,1253
1261,2,1254
1262,2,1255
1263,2,1256
1264,2,1257
1265,3,1303
1266,2,1258
1267,2,1259
1268,2,1260
1269,2,1261
1270,2,1262
1271,3,1304
1272,3,1305
1273,2,1263
1274,2,1264
1275,2,1265
1276,2,1266
1277,2,1267
1278,2,1268
1279,2,1269
1280,2,1270
1281,3,1306
1282,2,1271
1283,2,1272
1284,2,1273
1285,2,1274
1286,2,1275
1287,3,1307
1288,2,1276
1289,2,1277
1290,3,1308
1291,2,1278
1292,2,1279
1293,2,1280
1294,2,1281
1295,2,1282
1296,2,1283
1297,3,1309
1298,3,1310
1299,3,1311
1300,3,1312
1301,3,1313
1302,3,1314
1303,2,1284
1304,3,1315
1305,3,1316
1306,3,1317
1307,3,1318
1308,3,1319
1309,2,1285
1310,3,1320
1311,3,1321
1312,3,1322
1313,3,1323
1314,3,1324
1315,3,1325
1316,3,1326
1317,3,1327
1318,2,1286
1319,3,1328
1320,3,1329
1321,3,1330
1322,3,1331
1323,3,1332
1324,3,1333
1325,2,1287
1326,3,1334
1327,3,1335
1328,3,1336
1329,3,1337
1330,3,1338
1331,2,1288
1332,3,1339
1333,3,1340
1334,2,1289
1335,3,1341
1336,3,1342
1337,3,1343
1338,3,1344
1339,3,1345
1340,3,1346
1341,2,1290
1342,3,1347
1343,3,1348
1344,3,1349
1345,3,1350
1346,3,1351
1347,2,1291
1348,3,1352
1349,2,1292
1350,2,1293
1351,3,1353
1352,3,1354
1353,3,1355
1354,3,1356
1355,3,1357
1356,3,1358
1357,3,1359
1358,3,1360
1359,2,1294
1360,3,1361
1361,3,1362
1362,3,1363
1363,3,1364
1364,3,1365
1365,2,1295
1366,3,1366
1367,3,1367
1368,3,1368
1369,3,1369
1370,3,1370
1371,3,1371
1372,3,1372
1373,3,1373
1374,3,1374
1375,3,1375
1376,3,1376
1377,3,1377
1378,3,1378
1379,3,1379
1380,3,1380
1381,3,1381
1382,3,1382
1383,3,1383
1384,3,1384
1385,3,1385
1386,3,1386
1387,3,1387
1388,3,1388
1389,3,1389
1390,3,1390
1391,3,1391
1392,3,1392
1393,3,1393
1394,3,1394
1395,3,1395
1396,3,1396
1397,3,1397
1398,3,1398
1399,3,1399
1400,3,1400
1401,3,1401
1402,3,1402
1403,3,1403
1404,3,1404
1405,3,1405
1406,3,1406
1407,3,1407
1408,3,1408
1409,3,1409
1410,3,1410
1411,3,1411
1412,3,1412
1413,3,1413
1414,3,1414
1415,3,1415
1416,3,1416
1417,3,1417
1418,3,1418
1419,3,1419
1420,3,1420
1421,3,1421
1422,3,1422
1423,3,1423
1424,3,1424
1425,3,1425
1426,3,1426
1427,3,1427
1428,3,1428
1429,3,1429
1430,3,1430
1431,3,1431
1432,3,1432
1433,3,1433
1434,3,1434
1435,3,1435
1436,3,1436
1437,3,1437
1438,3,1438
1439,3,1439
1440,3,1440
1441,3,1441
1442,3,1442
1443,3,1443
1444,3,1444
1445,3,1445
1446,3,1446
1447,3,1447
1448,3,1448
1449,3,1449
1450,3,1450
1451,3,1451
1452,3,1452
1453,3,1453
1454,3,1454
1455,3,1455
1456,3,1456
1457,3,1457
1458,3,1458
1459,3,1459
1460,3,1460
1461,3,1461
1462,3,1462
1463,3,1463
1464,3,1464
1465,3,1465
1466,3,1466
1467,3,1467
1468,3,1468
1469,3,1469
1470,3,1470
1471,3,1471
1472,3,1472
1473,3,1473
1474,3,1474
1475,3,1475
1476,3,1476
1477,3,1477
1478,3,1478
1479,3,1479
1480,3,1480
1481,3,1481
1482,3,1482
1483,3,1483
1484,3,1484
1485,3,1485
1486,3,1486
1487,3,1487
1488,3,1488
1489,3,1489
1490,3,1490
1491,3,1491
1492,3,1492
1493,3,1493
1494,3,1494
1495,3,1495
1496,3,1496
1497,3,1497
1498,3,1498
1499,3,1499
1500,3,1500
1501,3,1501
1502,3,1502
1503,3,1503
1504,3,1504
1505,3,1505
1506,3,1506
1507,3,1507
1508,3,1508
1509,3,1509
1510,3,1510
1511,3,1511
1512,3,1512
1513,3,1513
1514,3,1514
1515,3,1515
1516,3,1516
1517,3,1517
1518,3,1518
1519,3,1519
1520,3,1520
1521,3,1521
1522,3,1522
1523,3,1523
1524,3,1524
1525,3,1525
1526,3,1526
1527,3,1527
1528,3,1528
1529,3,1529
1530,3,1530
1531,3,1531
1532,3,1532
1533,3,1533
1534,3,1534
1535,3,1535
1536,3,1536
1537,3,1537
1538,3,1538
1539,3,1539
1540,3,1540
1541,3,1541
1542,3,1542
1543,3,1543
1544,3,1544
1545,3,1545
1546,3,1546
1547,3,1547
1548,3,1548
1549,3,1549
1550,3,1550
1551,3,1551
1552,3,1552
1553,3,1553
1554,3,1554
1555,3,1555
1556,3,1556
1557,3,1557
1558,3,1558
1559,3,1559
1560,3,1560
1561,3,1561
1562,3,1562
1563,3,1563
1564,3,1564
1565,3,1565
1566,3,1566
1567,3,1567
1568,3,1568
1569,3,1569
1570,3,1570
1571,3,1571
1572,3,1572
1573,3,1573
1574,3,1574
1575,3,1575
1576,3,1576
1577,3,1577
1578,3,1578
1579,3,1579
1580,3,1580
1581,3,1581
1582,3,1582
1583,3,1583
1584,3,1584
1585,3,1585
1586,3,1586
1587,3,1587
1588,3,1588
1589,3,1589
1590,3,1590
1591,3,1591
1592,3,1592
1593,3,1593
1594,3,1594
1595,3,1595
1596,3,1596
1597,3,1597
1598,3,1598
1599,3,1599
1600,3,1600
1601,3,1601
1602,3,1602
1603,3,1603
1604,3,1604
1605,3,1605
1606,3,1606
1607,3,1607
1608,3,1608
1609,3,1609
1610,3,1610
1611,3,1611
1612,3,1612
1613,3,1613
1614,3,1614
1615,3,1615
1616,3,1616
1617,3,1617
1618,3,1618
1619,3,1619
1620,3,1620
1621,3,1621
1622,3,1622
1623,3,1623
1624,3,1624
1625,3,1625
1626,3,1626
1627,3,1627
1628,3,1628
1629,3,1629
1630,3,1630
1631,3,1631
1632,3,1632
1633,3,1633
1634,3,1634
1635,3,1635
1636,3,1636
1637,3,1637
1638,3,1638
1639,3,1639
1640,3,1640
1641,3,1641
1642,3,1642
1643,3,1643
1644,3,1644
1645,3,1645
1646,3,1646
1647,3,1647
1648,3,1648
1649,3,1649
1650,3,1650
1651,3,1651
1652,3,1652
1653,3,1653
1654,3,1654
1655,3,1655
1656,3,1656
1657,3,1657
1658,3,1658
1659,3,1659
1660,3,1660
1661,3,1661
1662,3,1662
1663,3,1663
1664,3,1664
1665,3,1665
1666,3,1666
1667,3,1667
1668,3,1668
1669,3,1669
1670,3,1670
1671,3,1671
1672,3,1672
1673,3,1673
1674,3,1674
1675,3,1675
1676,3,1676
1677,3,1677
1678,3,1678
1679,3,1679
1680,3,1680
1681,3,1681
1682,3,1682
1683,3,1683
1684,3,1684
1685,3,1685
1686,3,1686
1687,3,1687
1688,3,1688
1689,3,1689
1690,3,1690
1691,3,1691
1692,3,1692
1693,3,1693
1694,3,1694
1695,3,1695
1696,3,1696
1697,3,1697
1698,3,1698
1699,3,1699
1700,3,1700
1701,3,1701
1702,3,1702
1703,3,1703
1704,3,1704
1705,3,1705
1706,3,1706
1707,3,1707
1708,3,1708
1709,3,1709
1710,3,1710
1711,3,1711
1712,3,1712
1713,3,1713
1714,3,1714
1715,3,1715
1716,3,1716
1717,3,1717
1718,3,1718
1719,3,1719
1720,3,1720
1721,3,1721
1722,3,1722
1723,3,1723
1724,3,1724
1725,3,1725
1726,3,1726
1727,3,1727
