p,shot,sample_seed,decoder_seed,syndrome_weight,observed_logical_weight,syndrome_converged,logical_action_match,logically_correct,syndrome_valid_logical_error,non_converged,logical_residual_weight,iterations,relay_legs,valid_solutions,selected_solution_weight
0.001,0,2026081001,250601779,79,3,1,1,1,0,0,0,48,1,1,131.91877446293378
0.001,1,2026081001,250601779,62,2,1,1,1,0,0,0,14,1,1,128.8159314928485
0.001,2,2026081001,250601779,61,5,1,1,1,0,0,0,101,2,1,128.15899245855846
0.001,3,2026081001,250601779,75,5,1,1,1,0,0,0,39,1,1,136.88620175187484
0.001,4,2026081001,250601779,56,8,1,1,1,0,0,0,20,1,1,113.92806959227362
0.001,5,2026081001,250601779,34,9,1,1,1,0,0,0,33,1,1,60.884554592675315
0.001,6,2026081001,250601779,54,5,1,1,1,0,0,0,12,1,1,124.44020619204045
0.001,7,2026081001,250601779,61,4,1,1,1,0,0,0,41,1,1,128.88150316580186
0.001,8,2026081001,250601779,51,5,1,1,1,0,0,0,22,1,1,94.69715695037459
0.001,9,2026081001,250601779,61,5,1,1,1,0,0,0,27,1,1,179.53238261603227
0.001,10,2026081001,250601779,100,5,1,1,1,0,0,0,66,1,1,187.33549779437294
0.001,11,2026081001,250601779,77,4,1,1,1,0,0,0,26,1,1,132.5790984547641
0.001,12,2026081001,250601779,47,7,1,1,1,0,0,0,26,1,1,103.00936230934646
0.001,13,2026081001,250601779,87,6,1,1,1,0,0,0,26,1,1,206.92108964146752
0.001,14,2026081001,250601779,55,6,1,1,1,0,0,0,39,1,1,114.09388219631809
0.001,15,2026081001,250601779,38,7,1,1,1,0,0,0,11,1,1,98.43498000658393
0.001,16,2026081001,250601779,51,8,1,1,1,0,0,0,9,1,1,110.49581120972132
0.001,17,2026081001,250601779,61,6,1,1,1,0,0,0,47,1,1,221.5158138516907
0.001,18,2026081001,250601779,47,4,1,1,1,0,0,0,33,1,1,107.44497549194776
0.001,19,2026081001,250601779,52,4,1,1,1,0,0,0,30,1,1,102.75562843087528
0.001,20,2026081001,250601779,58,3,1,1,1,0,0,0,33,1,1,107.90463164740206
0.001,21,2026081001,250601779,69,4,1,1,1,0,0,0,150,3,1,161.41998730283933
0.001,22,2026081001,250601779,48,0,1,1,1,0,0,0,28,1,1,91.84496729367005
0.001,23,2026081001,250601779,50,6,1,1,1,0,0,0,111,2,1,114.17528299935594
0.001,24,2026081001,250601779,36,6,1,1,1,0,0,0,13,1,1,80.12126258709606
0.001,25,2026081001,250601779,51,3,1,1,1,0,0,0,36,1,1,111.54251218300136
0.001,26,2026081001,250601779,45,4,1,1,1,0,0,0,27,1,1,109.99018319884459
0.001,27,2026081001,250601779,68,6,1,1,1,0,0,0,18,1,1,131.77804732068128
0.001,28,2026081001,250601779,61,6,1,1,1,0,0,0,24,1,1,121.65928898408828
0.001,29,2026081001,250601779,74,9,1,1,1,0,0,0,39,1,1,160.3352547833742
0.001,30,2026081001,250601779,86,3,1,1,1,0,0,0,28,1,1,166.44634690987442
0.001,31,2026081001,250601779,72,6,1,1,1,0,0,0,49,1,1,156.46529436812614
0.001,32,2026081001,250601779,52,4,1,1,1,0,0,0,29,1,1,123.31806581329369
0.001,33,2026081001,250601779,59,7,1,1,1,0,0,0,31,1,1,118.11291533894067
0.001,34,2026081001,250601779,95,5,1,1,1,0,0,0,32,1,1,186.55908337662171
0.001,35,2026081001,250601779,80,5,1,1,1,0,0,0,16,1,1,178.25021081053842
0.001,36,2026081001,250601779,67,9,1,1,1,0,0,0,24,1,1,115.35531722683278
0.001,37,2026081001,250601779,74,6,1,1,1,0,0,0,42,1,1,150.45003934467988
0.001,38,2026081001,250601779,89,8,1,1,1,0,0,0,51,1,1,158.08427108751675
0.001,39,2026081001,250601779,45,3,1,1,1,0,0,0,37,1,1,107.81624939197545
0.001,40,2026081001,250601779,82,6,1,1,1,0,0,0,19,1,1,184.49432436920537
0.001,41,2026081001,250601779,60,4,1,1,1,0,0,0,154,3,1,132.86613032631345
0.001,42,2026081001,250601779,83,5,1,1,1,0,0,0,48,1,1,168.69888919319135
0.001,43,2026081001,250601779,55,6,1,1,1,0,0,0,8,1,1,110.53707498816372
0.001,44,2026081001,250601779,68,9,1,1,1,0,0,0,20,1,1,184.45663627231468
0.001,45,2026081001,250601779,85,3,1,1,1,0,0,0,25,1,1,219.09732886058669
0.001,46,2026081001,250601779,95,4,1,1,1,0,0,0,22,1,1,235.06933076192092
0.001,47,2026081001,250601779,65,8,1,1,1,0,0,0,16,1,1,162.9333215801479
0.001,48,2026081001,250601779,74,5,1,1,1,0,0,0,21,1,1,170.97829967032476
0.001,49,2026081001,250601779,49,1,1,1,1,0,0,0,22,1,1,101.5736864836849
0.001,50,2026081001,250601779,44,4,1,1,1,0,0,0,32,1,1,98.69715134150334
0.001,51,2026081001,250601779,53,6,1,1,1,0,0,0,22,1,1,126.78154927920812
0.001,52,2026081001,250601779,66,7,1,1,1,0,0,0,23,1,1,193.49551108304652
0.001,53,2026081001,250601779,53,5,1,1,1,0,0,0,179,3,1,125.48110747690706
0.001,54,2026081001,250601779,61,4,1,1,1,0,0,0,31,1,1,133.2716817646138
0.001,55,2026081001,250601779,66,5,1,1,1,0,0,0,19,1,1,122.3138165542611
0.001,56,2026081001,250601779,89,5,1,1,1,0,0,0,28,1,1,206.38660701557293
0.001,57,2026081001,250601779,84,4,1,1,1,0,0,0,24,1,1,160.57216562729684
0.001,58,2026081001,250601779,95,4,1,1,1,0,0,0,32,1,1,165.1914134942084
0.001,59,2026081001,250601779,64,5,1,1,1,0,0,0,36,1,1,179.58288313740624
0.001,60,2026081001,250601779,63,4,1,1,1,0,0,0,20,1,1,118.61500282507052
0.001,61,2026081001,250601779,94,7,1,1,1,0,0,0,35,1,1,211.22804478711817
0.001,62,2026081001,250601779,64,2,1,1,1,0,0,0,16,1,1,123.5431943250135
0.001,63,2026081001,250601779,76,7,1,1,1,0,0,0,21,1,1,159.23047528863017
0.001,64,2026081001,250601779,54,8,1,1,1,0,0,0,104,2,1,135.1706563321393
0.001,65,2026081001,250601779,58,4,1,1,1,0,0,0,95,2,1,99.675654088578
0.001,66,2026081001,250601779,51,3,1,1,1,0,0,0,30,1,1,117.64580605334723
0.001,67,2026081001,250601779,47,5,1,1,1,0,0,0,45,1,1,107.85049464842696
0.001,68,2026081001,250601779,55,3,1,1,1,0,0,0,337,6,1,123.00837131853964
0.001,69,2026081001,250601779,90,6,1,1,1,0,0,0,39,1,1,181.96215648902847
0.001,70,2026081001,250601779,43,5,1,1,1,0,0,0,18,1,1,85.94138228870112
0.001,71,2026081001,250601779,72,5,1,1,1,0,0,0,32,1,1,158.5255324329949
0.001,72,2026081001,250601779,71,5,1,1,1,0,0,0,31,1,1,156.54625381484652
0.001,73,2026081001,250601779,67,7,1,1,1,0,0,0,34,1,1,137.50661981593908
0.001,74,2026081001,250601779,53,4,1,1,1,0,0,0,17,1,1,128.833287313192
0.001,75,2026081001,250601779,54,7,1,1,1,0,0,0,14,1,1,122.48163899531716
0.001,76,2026081001,250601779,85,4,1,1,1,0,0,0,40,1,1,182.34667475145955
0.001,77,2026081001,250601779,61,4,1,1,1,0,0,0,108,2,1,129.1327224843091
0.001,78,2026081001,250601779,48,1,1,1,1,0,0,0,15,1,1,112.23505692943121
0.001,79,2026081001,250601779,42,1,1,1,1,0,0,0,14,1,1,101.7153598996251
0.001,80,2026081001,250601779,73,8,1,1,1,0,0,0,20,1,1,154.6341328162432
0.001,81,2026081001,250601779,70,8,1,1,1,0,0,0,25,1,1,128.09310235498577
0.001,82,2026081001,250601779,34,2,1,1,1,0,0,0,34,1,1,153.0942348328441
0.001,83,2026081001,250601779,62,5,1,1,1,0,0,0,125,2,1,131.27276226569683
0.001,84,2026081001,250601779,45,5,1,1,1,0,0,0,68,1,1,90.58655225515166
0.001,85,2026081001,250601779,92,6,1,1,1,0,0,0,26,1,1,195.99429899981013
0.001,86,2026081001,250601779,85,5,1,1,1,0,0,0,18,1,1,161.40679281702944
0.001,87,2026081001,250601779,54,2,1,1,1,0,0,0,23,1,1,125.8178001729803
0.001,88,2026081001,250601779,58,3,1,1,1,0,0,0,22,1,1,116.55214551239669
0.001,89,2026081001,250601779,52,6,1,1,1,0,0,0,38,1,1,128.08570611419486
0.001,90,2026081001,250601779,67,7,1,1,1,0,0,0,50,1,1,147.9399079159797
0.001,91,2026081001,250601779,85,10,1,1,1,0,0,0,34,1,1,156.69292019952903
0.001,92,2026081001,250601779,60,7,1,1,1,0,0,0,37,1,1,114.93761236322334
0.001,93,2026081001,250601779,56,4,1,1,1,0,0,0,12,1,1,126.84365599647711
0.001,94,2026081001,250601779,51,7,1,1,1,0,0,0,37,1,1,122.91353550689847
0.001,95,2026081001,250601779,70,6,1,1,1,0,0,0,54,1,1,186.8563117411683
0.001,96,2026081001,250601779,75,4,1,1,1,0,0,0,37,1,1,185.80201283843823
0.001,97,2026081001,250601779,54,3,1,1,1,0,0,0,16,1,1,150.23759400657286
0.001,98,2026081001,250601779,49,5,1,1,1,0,0,0,43,1,1,122.52257413186278
0.001,99,2026081001,250601779,71,6,1,1,1,0,0,0,20,1,1,154.84094058496805
0.001,100,2026081001,250601779,62,9,1,1,1,0,0,0,59,1,1,130.74945761738317
0.001,101,2026081001,250601779,74,2,1,1,1,0,0,0,22,1,1,143.82936661716568
0.001,102,2026081001,250601779,54,3,1,1,1,0,0,0,74,1,1,99.1339145072688
0.001,103,2026081001,250601779,46,7,1,1,1,0,0,0,18,1,1,97.17184393742278
0.001,104,2026081001,250601779,54,5,1,1,1,0,0,0,20,1,1,152.24833634530512
0.001,105,2026081001,250601779,64,8,1,1,1,0,0,0,30,1,1,133.02335922208695
0.001,106,2026081001,250601779,61,0,1,1,1,0,0,0,18,1,1,143.7626518739924
0.001,107,2026081001,250601779,74,4,1,1,1,0,0,0,159,3,1,142.01418644322936
0.001,108,2026081001,250601779,55,7,1,1,1,0,0,0,13,1,1,134.31599548217415
0.001,109,2026081001,250601779,50,6,1,1,1,0,0,0,11,1,1,112.01259931008666
0.001,110,2026081001,250601779,82,7,1,1,1,0,0,0,39,1,1,157.3789045379341
0.001,111,2026081001,250601779,77,6,1,1,1,0,0,0,39,1,1,183.13285814190192
0.001,112,2026081001,250601779,77,5,1,1,1,0,0,0,126,2,1,153.1965937438105
0.001,113,2026081001,250601779,66,6,1,1,1,0,0,0,20,1,1,133.92342466655697
0.001,114,2026081001,250601779,83,6,1,1,1,0,0,0,48,1,1,174.25170602689752
0.001,115,2026081001,250601779,54,4,1,1,1,0,0,0,39,1,1,126.19379213295498
0.001,116,2026081001,250601779,45,3,1,1,1,0,0,0,56,1,1,85.68695226081059
0.001,117,2026081001,250601779,77,6,1,1,1,0,0,0,13,1,1,178.43191749485868
0.001,118,2026081001,250601779,64,6,1,1,1,0,0,0,19,1,1,149.60360229574144
0.001,119,2026081001,250601779,80,3,1,1,1,0,0,0,28,1,1,183.6888261320672
0.001,120,2026081001,250601779,47,5,1,1,1,0,0,0,42,1,1,85.68695226081059
0.001,121,2026081001,250601779,55,6,1,1,1,0,0,0,42,1,1,116.27788080423608
0.001,122,2026081001,250601779,78,7,1,1,1,0,0,0,110,2,1,165.45369738567425
0.001,123,2026081001,250601779,91,7,1,1,1,0,0,0,29,1,1,188.89947730413837
0.001,124,2026081001,250601779,69,7,1,1,1,0,0,0,31,1,1,130.96475775311288
0.001,125,2026081001,250601779,86,5,1,1,1,0,0,0,65,1,1,182.2879957076147
0.001,126,2026081001,250601779,49,5,1,1,1,0,0,0,37,1,1,86.30659296086993
0.001,127,2026081001,250601779,85,6,1,1,1,0,0,0,29,1,1,182.05808983555434
0.001,128,2026081001,250601779,71,5,1,1,1,0,0,0,25,1,1,146.92588262907938
0.001,129,2026081001,250601779,55,5,1,1,1,0,0,0,10,1,1,100.84112302097932
0.001,130,2026081001,250601779,80,5,1,1,1,0,0,0,50,1,1,170.34829188404706
0.001,131,2026081001,250601779,81,8,1,1,1,0,0,0,42,1,1,165.1628230981608
0.001,132,2026081001,250601779,73,9,1,1,1,0,0,0,72,1,1,162.3620753271061
0.001,133,2026081001,250601779,56,4,1,1,1,0,0,0,32,1,1,120.50384978467928
0.001,134,2026081001,250601779,103,6,1,1,1,0,0,0,45,1,1,186.22513245746364
0.001,135,2026081001,250601779,56,3,1,1,1,0,0,0,12,1,1,172.1026972769591
0.001,136,2026081001,250601779,50,4,1,1,1,0,0,0,23,1,1,101.44981891416023
0.001,137,2026081001,250601779,46,5,1,1,1,0,0,0,31,1,1,134.93990941331967
0.001,138,2026081001,250601779,45,4,1,1,1,0,0,0,26,1,1,99.05013010113086
0.001,139,2026081001,250601779,65,5,1,1,1,0,0,0,12,1,1,129.25642670489037
0.001,140,2026081001,250601779,71,7,1,1,1,0,0,0,16,1,1,136.6026628079416
0.001,141,2026081001,250601779,35,5,1,1,1,0,0,0,8,1,1,82.71409201424564
0.001,142,2026081001,250601779,51,4,1,1,1,0,0,0,12,1,1,108.5444789917576
0.001,143,2026081001,250601779,57,1,1,1,1,0,0,0,19,1,1,167.97008922106116
0.001,144,2026081001,250601779,71,7,1,1,1,0,0,0,30,1,1,135.9092185723261
0.001,145,2026081001,250601779,86,5,1,1,1,0,0,0,106,2,1,176.55717576195528
0.001,146,2026081001,250601779,72,4,1,1,1,0,0,0,102,2,1,170.68692154453515
0.001,147,2026081001,250601779,63,2,1,1,1,0,0,0,13,1,1,128.98584633050717
0.001,148,2026081001,250601779,23,4,1,1,1,0,0,0,10,1,1,59.56829347551119
0.001,149,2026081001,250601779,54,8,1,1,1,0,0,0,29,1,1,99.8755745954942
0.001,150,2026081001,250601779,83,7,1,1,1,0,0,0,34,1,1,176.0162263960239
0.001,151,2026081001,250601779,76,1,1,1,1,0,0,0,27,1,1,158.71460933336056
0.001,152,2026081001,250601779,59,5,1,1,1,0,0,0,27,1,1,124.23931346580753
0.001,153,2026081001,250601779,101,6,1,1,1,0,0,0,19,1,1,184.65434199115123
0.001,154,2026081001,250601779,42,4,1,1,1,0,0,0,79,1,1,104.12453725427228
0.001,155,2026081001,250601779,30,3,1,1,1,0,0,0,11,1,1,72.77295131177732
0.001,156,2026081001,250601779,64,7,1,1,1,0,0,0,51,1,1,131.9415564297033
0.001,157,2026081001,250601779,75,6,1,1,1,0,0,0,46,1,1,180.142377664567
0.001,158,2026081001,250601779,55,7,1,1,1,0,0,0,9,1,1,139.79734378175635
0.001,159,2026081001,250601779,44,2,1,1,1,0,0,0,18,1,1,85.28735425069661
0.001,160,2026081001,250601779,49,6,1,1,1,0,0,0,22,1,1,143.26557498705697
0.001,161,2026081001,250601779,104,5,1,1,1,0,0,0,40,1,1,267.55330014042204
0.001,162,2026081001,250601779,46,3,1,1,1,0,0,0,17,1,1,112.87340749671642
0.001,163,2026081001,250601779,49,9,1,1,1,0,0,0,13,1,1,111.87350649209168
0.001,164,2026081001,250601779,70,9,1,1,1,0,0,0,115,2,1,168.48984974950648
0.001,165,2026081001,250601779,43,5,1,1,1,0,0,0,15,1,1,92.04943761450882
0.001,166,2026081001,250601779,41,1,1,1,1,0,0,0,48,1,1,71.65257574390607
0.001,167,2026081001,250601779,77,5,1,1,1,0,0,0,37,1,1,167.3349638774265
0.001,168,2026081001,250601779,61,4,1,1,1,0,0,0,43,1,1,129.15690994337754
0.001,169,2026081001,250601779,81,7,1,1,1,0,0,0,29,1,1,146.96492183456826
0.001,170,2026081001,250601779,77,3,1,1,1,0,0,0,27,1,1,156.27198794344105
0.001,171,2026081001,250601779,86,8,1,1,1,0,0,0,16,1,1,247.7384989119204
0.001,172,2026081001,250601779,76,4,1,1,1,0,0,0,17,1,1,157.43969095049405
0.001,173,2026081001,250601779,56,4,1,1,1,0,0,0,37,1,1,205.69295072189595
0.001,174,2026081001,250601779,48,4,1,1,1,0,0,0,15,1,1,96.66074274339402
0.001,175,2026081001,250601779,69,7,1,1,1,0,0,0,23,1,1,158.88339410182337
0.001,176,2026081001,250601779,52,6,1,1,1,0,0,0,60,1,1,107.48706771367164
0.001,177,2026081001,250601779,54,5,1,1,1,0,0,0,33,1,1,108.232645245108
0.001,178,2026081001,250601779,68,2,1,1,1,0,0,0,39,1,1,140.69986666319403
0.001,179,2026081001,250601779,88,7,1,1,1,0,0,0,37,1,1,159.6909717725941
0.001,180,2026081001,250601779,77,9,1,1,1,0,0,0,45,1,1,168.86992073569695
0.001,181,2026081001,250601779,63,5,1,1,1,0,0,0,52,1,1,120.69443759580965
0.001,182,2026081001,250601779,70,7,1,1,1,0,0,0,54,1,1,164.64211053066276
0.001,183,2026081001,250601779,44,4,1,1,1,0,0,0,27,1,1,105.47688329386816
0.001,184,2026081001,250601779,62,6,1,1,1,0,0,0,17,1,1,121.27399524816121
0.001,185,2026081001,250601779,90,6,1,1,1,0,0,0,38,1,1,181.85001735076332
0.001,186,2026081001,250601779,36,8,1,1,1,0,0,0,11,1,1,69.44963395211741
0.001,187,2026081001,250601779,88,8,1,1,1,0,0,0,35,1,1,241.04490355881154
0.001,188,2026081001,250601779,78,5,1,1,1,0,0,0,33,1,1,156.88022297790104
0.001,189,2026081001,250601779,51,1,1,1,1,0,0,0,33,1,1,113.64114875734523
0.001,190,2026081001,250601779,60,4,1,1,1,0,0,0,15,1,1,137.74857307524647
0.001,191,2026081001,250601779,83,1,1,1,1,0,0,0,58,1,1,156.35675582651592
0.001,192,2026081001,250601779,79,4,1,1,1,0,0,0,45,1,1,205.74241366478077
0.001,193,2026081001,250601779,57,7,1,1,1,0,0,0,12,1,1,120.01960534314625
0.001,194,2026081001,250601779,38,8,1,1,1,0,0,0,19,1,1,77.98697480446874
0.001,195,2026081001,250601779,68,7,1,1,1,0,0,0,36,1,1,143.4752668936728
0.001,196,2026081001,250601779,73,6,1,1,1,0,0,0,39,1,1,221.22343218793168
0.001,197,2026081001,250601779,65,7,1,1,1,0,0,0,120,2,1,157.72660862130166
0.001,198,2026081001,250601779,86,4,1,1,1,0,0,0,22,1,1,151.3652379611745
0.001,199,2026081001,250601779,30,1,1,1,1,0,0,0,21,1,1,70.61566816962107
0.001,200,2026081001,250601779,11,5,1,1,1,0,0,0,1,1,1,26.14841250735452
0.001,201,2026081001,250601779,77,6,1,1,1,0,0,0,134,2,1,196.94612384428007
0.001,202,2026081001,250601779,29,3,1,1,1,0,0,0,10,1,1,51.674450687224294
0.001,203,2026081001,250601779,45,3,1,1,1,0,0,0,21,1,1,106.56401201991115
0.001,204,2026081001,250601779,101,5,1,1,1,0,0,0,30,1,1,172.29116171208736
0.001,205,2026081001,250601779,69,7,1,1,1,0,0,0,29,1,1,133.2694720421058
0.001,206,2026081001,250601779,87,6,1,1,1,0,0,0,16,1,1,171.04624833897063
0.001,207,2026081001,250601779,85,7,1,1,1,0,0,0,153,3,1,198.91502234757854
0.001,208,2026081001,250601779,73,6,1,1,1,0,0,0,26,1,1,131.78954906639723
0.001,209,2026081001,250601779,51,3,1,1,1,0,0,0,21,1,1,115.50471620677807
0.001,210,2026081001,250601779,66,5,1,1,1,0,0,0,49,1,1,218.13637360636312
0.001,211,2026081001,250601779,57,6,1,1,1,0,0,0,22,1,1,114.71422476741793
0.001,212,2026081001,250601779,92,8,1,1,1,0,0,0,75,1,1,164.60279688073683
0.001,213,2026081001,250601779,78,8,1,1,1,0,0,0,30,1,1,154.85454717450554
0.001,214,2026081001,250601779,34,5,1,1,1,0,0,0,21,1,1,88.22659004341388
0.001,215,2026081001,250601779,64,1,1,1,1,0,0,0,26,1,1,118.58235013784537
0.001,216,2026081001,250601779,56,6,1,1,1,0,0,0,14,1,1,130.6091047626631
0.001,217,2026081001,250601779,72,6,1,1,1,0,0,0,58,1,1,172.3893658785995
0.001,218,2026081001,250601779,57,11,1,1,1,0,0,0,18,1,1,137.57053540836915
0.001,219,2026081001,250601779,78,9,1,1,1,0,0,0,36,1,1,193.0505911377537
0.001,220,2026081001,250601779,70,5,1,1,1,0,0,0,14,1,1,123.36154221476485
0.001,221,2026081001,250601779,73,8,1,1,1,0,0,0,35,1,1,156.89451493052667
0.001,222,2026081001,250601779,56,3,1,1,1,0,0,0,31,1,1,118.60885179617284
0.001,223,2026081001,250601779,63,6,1,1,1,0,0,0,35,1,1,184.40560791671956
0.001,224,2026081001,250601779,86,7,1,1,1,0,0,0,36,1,1,176.73226000166702
0.001,225,2026081001,250601779,75,4,1,1,1,0,0,0,40,1,1,170.81741691781576
0.001,226,2026081001,250601779,54,9,1,1,1,0,0,0,28,1,1,140.42234749723121
0.001,227,2026081001,250601779,60,3,1,1,1,0,0,0,15,1,1,124.65947771818534
0.001,228,2026081001,250601779,78,2,1,1,1,0,0,0,38,1,1,151.30396492894278
0.001,229,2026081001,250601779,52,4,1,1,1,0,0,0,113,2,1,106.32792588677611
0.001,230,2026081001,250601779,64,6,1,1,1,0,0,0,40,1,1,112.29908071902295
0.001,231,2026081001,250601779,63,5,1,1,1,0,0,0,13,1,1,125.60750079335783
0.001,232,2026081001,250601779,68,6,1,1,1,0,0,0,35,1,1,147.66539285835412
0.001,233,2026081001,250601779,64,3,1,1,1,0,0,0,27,1,1,162.77013160045396
0.001,234,2026081001,250601779,47,3,1,1,1,0,0,0,20,1,1,96.16135962198156
0.001,235,2026081001,250601779,44,6,1,1,1,0,0,0,14,1,1,156.03545760792167
0.001,236,2026081001,250601779,76,6,1,1,1,0,0,0,59,1,1,155.4633850601963
0.001,237,2026081001,250601779,57,9,1,1,1,0,0,0,33,1,1,100.00424694573962
0.001,238,2026081001,250601779,87,3,1,1,1,0,0,0,24,1,1,162.30549783197938
0.001,239,2026081001,250601779,65,4,1,1,1,0,0,0,47,1,1,130.81162043989733
0.001,240,2026081001,250601779,65,4,1,1,1,0,0,0,27,1,1,140.78533009418734
0.001,241,2026081001,250601779,62,6,1,1,1,0,0,0,20,1,1,125.46151282948176
0.001,242,2026081001,250601779,69,3,1,1,1,0,0,0,101,2,1,146.9458036362882
0.001,243,2026081001,250601779,81,7,1,1,1,0,0,0,61,1,1,169.27480487415966
0.001,244,2026081001,250601779,94,5,1,1,1,0,0,0,32,1,1,180.92650961706545
0.001,245,2026081001,250601779,67,4,1,1,1,0,0,0,24,1,1,144.41509404728208
0.001,246,2026081001,250601779,105,6,1,1,1,0,0,0,72,1,1,217.96413142410807
0.001,247,2026081001,250601779,60,9,1,1,1,0,0,0,49,1,1,194.01473166842183
0.001,248,2026081001,250601779,64,7,1,1,1,0,0,0,24,1,1,193.8209941905372
0.001,249,2026081001,250601779,59,3,1,1,1,0,0,0,13,1,1,118.19996010484674
0.001,250,2026081001,250601779,39,5,1,1,1,0,0,0,17,1,1,88.04428969608063
0.001,251,2026081001,250601779,55,6,1,1,1,0,0,0,16,1,1,142.4187194534856
0.001,252,2026081001,250601779,66,7,1,1,1,0,0,0,25,1,1,138.277476287122
0.001,253,2026081001,250601779,79,6,1,1,1,0,0,0,109,2,1,182.02006273719138
0.001,254,2026081001,250601779,46,4,1,1,1,0,0,0,26,1,1,103.23474148705698
0.001,255,2026081001,250601779,65,6,1,1,1,0,0,0,48,1,1,156.5810418246025
0.002,0,2026081002,250601779,90,5,1,1,1,0,0,0,49,1,1,166.502824102739
0.002,1,2026081002,250601779,106,7,1,1,1,0,0,0,50,1,1,191.07603368563855
0.002,2,2026081002,250601779,120,8,1,1,1,0,0,0,31,1,1,226.65481538966307
0.002,3,2026081002,250601779,102,6,1,1,1,0,0,0,31,1,1,192.2996567813011
0.002,4,2026081002,250601779,157,8,1,1,1,0,0,0,39,1,1,300.1993335889524
0.002,5,2026081002,250601779,157,6,1,1,1,0,0,0,38,1,1,294.8462489094952
0.002,6,2026081002,250601779,159,4,1,1,1,0,0,0,40,1,1,297.71147582392484
0.002,7,2026081002,250601779,130,6,1,1,1,0,0,0,45,1,1,240.0395379594693
0.002,8,2026081002,250601779,117,5,1,1,1,0,0,0,316,5,1,252.8109751845214
0.002,9,2026081002,250601779,125,8,1,1,1,0,0,0,157,3,1,269.1508863597715
0.002,10,2026081002,250601779,120,6,1,1,1,0,0,0,183,3,1,250.96310017622778
0.002,11,2026081002,250601779,168,7,1,1,1,0,0,0,60,1,1,330.48010915467376
0.002,12,2026081002,250601779,132,6,1,1,1,0,0,0,45,1,1,260.22467298271556
0.002,13,2026081002,250601779,150,7,1,1,1,0,0,0,35,1,1,262.3165319422286
0.002,14,2026081002,250601779,112,3,1,1,1,0,0,0,43,1,1,298.2132048781798
0.002,15,2026081002,250601779,117,6,1,1,1,0,0,0,71,1,1,230.3222463731492
0.002,16,2026081002,250601779,126,10,1,1,1,0,0,0,130,2,1,272.83031298393064
0.002,17,2026081002,250601779,116,8,1,1,1,0,0,0,109,2,1,248.2815188320425
0.002,18,2026081002,250601779,122,7,1,1,1,0,0,0,111,2,1,237.43647171762527
0.002,19,2026081002,250601779,112,7,1,1,1,0,0,0,106,2,1,240.77958517973468
0.002,20,2026081002,250601779,101,7,1,1,1,0,0,0,52,1,1,206.0535737935552
0.002,21,2026081002,250601779,130,8,1,1,1,0,0,0,113,2,1,246.9993760131419
0.002,22,2026081002,250601779,183,5,1,1,1,0,0,0,740,12,1,415.0253269791523
0.002,23,2026081002,250601779,110,5,1,1,1,0,0,0,61,1,1,218.8267469632575
0.002,24,2026081002,250601779,103,7,1,1,1,0,0,0,21,1,1,196.1105620887988
0.002,25,2026081002,250601779,167,6,1,1,1,0,0,0,29,1,1,311.17882243886913
0.002,26,2026081002,250601779,152,4,1,1,1,0,0,0,47,1,1,254.7133865342784
0.002,27,2026081002,250601779,111,4,1,1,1,0,0,0,41,1,1,219.52613804554886
0.002,28,2026081002,250601779,117,6,1,1,1,0,0,0,35,1,1,224.43364514810847
0.002,29,2026081002,250601779,159,7,1,1,1,0,0,0,187,3,1,323.8279291882207
0.002,30,2026081002,250601779,171,5,1,1,1,0,0,0,24,1,1,280.8743349149127
0.002,31,2026081002,250601779,109,2,1,1,1,0,0,0,36,1,1,223.95071222158785
0.002,32,2026081002,250601779,124,5,1,1,1,0,0,0,41,1,1,265.5535598104358
0.002,33,2026081002,250601779,93,5,1,1,1,0,0,0,22,1,1,205.5032716673574
0.002,34,2026081002,250601779,127,9,1,1,1,0,0,0,32,1,1,214.3484997240099
0.002,35,2026081002,250601779,114,4,1,1,1,0,0,0,59,1,1,226.50997568318007
0.002,36,2026081002,250601779,112,2,1,1,1,0,0,0,15,1,1,199.30141663674308
0.002,37,2026081002,250601779,107,5,1,1,1,0,0,0,59,1,1,198.57203766222406
0.002,38,2026081002,250601779,129,4,1,1,1,0,0,0,20,1,1,267.72983182002633
0.002,39,2026081002,250601779,107,8,1,1,1,0,0,0,30,1,1,215.2270562853546
0.002,40,2026081002,250601779,106,6,1,1,1,0,0,0,20,1,1,205.40768503249797
0.002,41,2026081002,250601779,85,7,1,1,1,0,0,0,21,1,1,183.50098854305466
0.002,42,2026081002,250601779,132,8,1,1,1,0,0,0,61,1,1,282.10031150449174
0.002,43,2026081002,250601779,137,5,1,1,1,0,0,0,29,1,1,242.16087919889793
0.002,44,2026081002,250601779,150,7,1,1,1,0,0,0,53,1,1,295.4406306858837
0.002,45,2026081002,250601779,113,4,1,1,1,0,0,0,56,1,1,213.09249765985402
0.002,46,2026081002,250601779,141,6,1,1,1,0,0,0,43,1,1,293.505778754527
0.002,47,2026081002,250601779,136,3,1,1,1,0,0,0,33,1,1,253.84254996639206
0.002,48,2026081002,250601779,117,7,1,1,1,0,0,0,54,1,1,232.90130149468385
0.002,49,2026081002,250601779,119,4,1,1,1,0,0,0,37,1,1,305.4680913756711
0.002,50,2026081002,250601779,128,5,1,1,1,0,0,0,25,1,1,255.67325984587012
0.002,51,2026081002,250601779,123,9,1,1,1,0,0,0,60,1,1,273.6897882606122
0.002,52,2026081002,250601779,104,7,1,1,1,0,0,0,60,1,1,220.76983304639793
0.002,53,2026081002,250601779,124,7,1,1,1,0,0,0,20,1,1,277.1167511302018
0.002,54,2026081002,250601779,132,2,1,1,1,0,0,0,30,1,1,261.6749557692681
0.002,55,2026081002,250601779,141,8,1,1,1,0,0,0,39,1,1,260.3118069068682
0.002,56,2026081002,250601779,119,6,1,1,1,0,0,0,132,2,1,245.7528647986992
0.002,57,2026081002,250601779,113,6,1,1,1,0,0,0,28,1,1,226.016049491736
0.002,58,2026081002,250601779,174,6,1,1,1,0,0,0,112,2,1,331.33613020399014
0.002,59,2026081002,250601779,119,5,1,1,1,0,0,0,214,4,1,285.89414642538486
0.002,60,2026081002,250601779,132,5,1,1,1,0,0,0,41,1,1,249.73123101914223
0.002,61,2026081002,250601779,112,5,1,1,1,0,0,0,42,1,1,236.2973353049108
0.002,62,2026081002,250601779,118,7,1,1,1,0,0,0,23,1,1,206.6688930517999
0.002,63,2026081002,250601779,119,9,1,1,1,0,0,0,51,1,1,232.58712008461538
0.002,64,2026081002,250601779,172,5,1,1,1,0,0,0,32,1,1,306.5281251012517
0.002,65,2026081002,250601779,178,4,1,1,1,0,0,0,38,1,1,333.72473336032004
0.002,66,2026081002,250601779,125,7,1,1,1,0,0,0,219,4,1,280.4439614993495
0.002,67,2026081002,250601779,148,6,1,1,1,0,0,0,49,1,1,287.2139262667519
0.002,68,2026081002,250601779,88,8,1,1,1,0,0,0,20,1,1,148.9122101032064
0.002,69,2026081002,250601779,76,7,1,1,1,0,0,0,24,1,1,166.1279859601866
0.002,70,2026081002,250601779,128,6,1,1,1,0,0,0,64,1,1,243.90778404500884
0.002,71,2026081002,250601779,124,6,1,1,1,0,0,0,20,1,1,253.41491396330093
0.002,72,2026081002,250601779,125,5,1,1,1,0,0,0,60,1,1,250.49735266750537
0.002,73,2026081002,250601779,120,3,1,1,1,0,0,0,17,1,1,262.66590223948776
0.002,74,2026081002,250601779,126,8,1,1,1,0,0,0,49,1,1,246.94797348432036
0.002,75,2026081002,250601779,118,7,1,1,1,0,0,0,52,1,1,227.9466020732899
0.002,76,2026081002,250601779,168,7,1,1,1,0,0,0,168,3,1,359.8541746684683
0.002,77,2026081002,250601779,165,8,1,1,1,0,0,0,75,1,1,389.39529493417723
0.002,78,2026081002,250601779,116,7,1,1,1,0,0,0,108,2,1,245.9954954960476
0.002,79,2026081002,250601779,173,4,1,1,1,0,0,0,135,2,1,363.4104184200114
0.002,80,2026081002,250601779,139,4,1,1,1,0,0,0,34,1,1,262.32460344150957
0.002,81,2026081002,250601779,114,5,1,1,1,0,0,0,109,2,1,242.82357409967386
0.002,82,2026081002,250601779,139,8,1,1,1,0,0,0,54,1,1,301.7518894513255
0.002,83,2026081002,250601779,112,4,1,1,1,0,0,0,44,1,1,297.6158076160738
0.002,84,2026081002,250601779,128,5,1,1,1,0,0,0,161,3,1,295.72584047943724
0.002,85,2026081002,250601779,108,7,1,1,1,0,0,0,79,1,1,243.81101066026883
0.002,86,2026081002,250601779,152,6,1,1,1,0,0,0,367,6,1,388.6114762909185
0.002,87,2026081002,250601779,122,4,1,1,1,0,0,0,17,1,1,224.70452759189902
0.002,88,2026081002,250601779,96,4,1,1,1,0,0,0,23,1,1,175.96780927524048
0.002,89,2026081002,250601779,165,7,1,1,1,0,0,0,35,1,1,267.5022237274441
0.002,90,2026081002,250601779,183,9,1,1,1,0,0,0,164,3,1,385.73557645446965
0.002,91,2026081002,250601779,106,4,1,1,1,0,0,0,37,1,1,215.7460480011316
0.002,92,2026081002,250601779,150,5,1,1,1,0,0,0,226,4,1,314.479903369269
0.002,93,2026081002,250601779,85,5,1,1,1,0,0,0,34,1,1,148.93994535594032
0.002,94,2026081002,250601779,125,8,1,1,1,0,0,0,105,2,1,238.04585085362802
0.002,95,2026081002,250601779,140,7,1,1,1,0,0,0,96,2,1,288.0087553969514
0.002,96,2026081002,250601779,142,6,1,1,1,0,0,0,25,1,1,269.7419353521036
0.002,97,2026081002,250601779,130,5,1,1,1,0,0,0,60,1,1,269.0390072038565
0.002,98,2026081002,250601779,111,10,1,1,1,0,0,0,51,1,1,194.40677480660793
0.002,99,2026081002,250601779,113,5,1,1,1,0,0,0,43,1,1,208.02431251913077
0.002,100,2026081002,250601779,103,1,1,1,1,0,0,0,24,1,1,238.19712041504792
0.002,101,2026081002,250601779,129,9,1,1,1,0,0,0,79,1,1,241.02338700523205
0.002,102,2026081002,250601779,132,4,1,1,1,0,0,0,117,2,1,277.1945832505141
0.002,103,2026081002,250601779,129,7,1,1,1,0,0,0,46,1,1,265.9995620856492
0.002,104,2026081002,250601779,75,7,1,1,1,0,0,0,41,1,1,134.41369703747375
0.002,105,2026081002,250601779,146,9,1,1,1,0,0,0,57,1,1,317.304792479896
0.002,106,2026081002,250601779,124,8,1,1,1,0,0,0,27,1,1,267.57344120949045
0.002,107,2026081002,250601779,94,5,1,1,1,0,0,0,117,2,1,209.08758760043992
0.002,108,2026081002,250601779,131,5,1,1,1,0,0,0,39,1,1,267.8314329763883
0.002,109,2026081002,250601779,81,6,1,1,1,0,0,0,38,1,1,166.61640266575472
0.002,110,2026081002,250601779,113,10,1,1,1,0,0,0,51,1,1,205.92276337929053
0.002,111,2026081002,250601779,135,3,1,1,1,0,0,0,110,2,1,320.30814572821595
0.002,112,2026081002,250601779,88,5,1,1,1,0,0,0,25,1,1,185.69597877902072
0.002,113,2026081002,250601779,113,7,1,1,1,0,0,0,57,1,1,216.58376051407498
0.002,114,2026081002,250601779,99,0,1,1,1,0,0,0,33,1,1,175.43763955987077
0.002,115,2026081002,250601779,99,5,1,1,1,0,0,0,54,1,1,247.43148569211832
0.002,116,2026081002,250601779,132,6,1,1,1,0,0,0,98,2,1,277.5266339235648
0.002,117,2026081002,250601779,108,9,1,1,1,0,0,0,42,1,1,198.89624359117042
0.002,118,2026081002,250601779,91,4,1,1,1,0,0,0,21,1,1,176.86421783736918
0.002,119,2026081002,250601779,95,8,1,1,1,0,0,0,31,1,1,176.69251379074555
0.002,120,2026081002,250601779,168,7,1,1,1,0,0,0,164,3,1,380.7639640621601
0.002,121,2026081002,250601779,125,7,1,1,1,0,0,0,60,1,1,243.53806953138982
0.002,122,2026081002,250601779,118,5,1,1,1,0,0,0,107,2,1,249.48568875828877
0.002,123,2026081002,250601779,104,7,1,1,1,0,0,0,28,1,1,217.36162420264856
0.002,124,2026081002,250601779,146,5,1,1,1,0,0,0,287,5,1,310.2294588538638
0.002,125,2026081002,250601779,136,3,1,1,1,0,0,0,121,2,1,306.8346050367963
0.002,126,2026081002,250601779,113,7,1,1,1,0,0,0,73,1,1,258.72354818190144
0.002,127,2026081002,250601779,143,6,1,1,1,0,0,0,77,1,1,262.3588326821465
0.002,128,2026081002,250601779,146,7,1,1,1,0,0,0,58,1,1,320.63928856612097
0.002,129,2026081002,250601779,132,2,1,1,1,0,0,0,106,2,1,274.14651805909295
0.002,130,2026081002,250601779,130,2,1,1,1,0,0,0,35,1,1,262.4225266852544
0.002,131,2026081002,250601779,107,9,1,1,1,0,0,0,39,1,1,197.49687784308315
0.002,132,2026081002,250601779,130,6,1,1,1,0,0,0,18,1,1,240.12450107294256
0.002,133,2026081002,250601779,122,6,1,1,1,0,0,0,39,1,1,278.50212218960917
0.002,134,2026081002,250601779,166,6,1,1,1,0,0,0,75,1,1,303.74694375108754
0.002,135,2026081002,250601779,117,6,1,1,1,0,0,0,437,7,1,279.97063548732825
0.002,136,2026081002,250601779,78,3,1,1,1,0,0,0,64,1,1,160.37516729721727
0.002,137,2026081002,250601779,136,8,1,1,1,0,0,0,119,2,1,296.70179954984184
0.002,138,2026081002,250601779,105,6,1,1,1,0,0,0,34,1,1,195.42167263168523
0.002,139,2026081002,250601779,96,6,1,1,1,0,0,0,30,1,1,206.7455294053573
0.002,140,2026081002,250601779,139,7,1,1,1,0,0,0,78,1,1,295.6723780100077
0.002,141,2026081002,250601779,122,6,1,1,1,0,0,0,78,1,1,234.8245788626862
0.002,142,2026081002,250601779,170,7,1,1,1,0,0,0,30,1,1,312.5884513759422
0.002,143,2026081002,250601779,116,5,1,1,1,0,0,0,33,1,1,208.93264448434056
0.002,144,2026081002,250601779,136,5,1,1,1,0,0,0,156,3,1,290.73309375349686
0.002,145,2026081002,250601779,120,8,1,1,1,0,0,0,33,1,1,217.49793078019974
0.002,146,2026081002,250601779,133,7,1,1,1,0,0,0,49,1,1,229.66635106424837
0.002,147,2026081002,250601779,118,5,1,1,1,0,0,0,42,1,1,263.37811985229314
0.002,148,2026081002,250601779,85,6,1,1,1,0,0,0,46,1,1,167.40784710050062
0.002,149,2026081002,250601779,135,6,1,1,1,0,0,0,22,1,1,264.2861881785266
0.002,150,2026081002,250601779,133,6,1,1,1,0,0,0,60,1,1,268.33442728708667
0.002,151,2026081002,250601779,126,6,1,1,1,0,0,0,155,3,1,244.70522252426963
0.002,152,2026081002,250601779,121,7,1,1,1,0,0,0,26,1,1,206.71755836709497
0.002,153,2026081002,250601779,117,8,1,1,1,0,0,0,221,4,1,301.5420159054768
0.002,154,2026081002,250601779,103,6,1,1,1,0,0,0,31,1,1,243.56160667402816
0.002,155,2026081002,250601779,157,8,1,1,1,0,0,0,662,11,1,327.59066675985935
0.002,156,2026081002,250601779,117,6,1,1,1,0,0,0,36,1,1,185.49472596464938
0.002,157,2026081002,250601779,83,5,1,1,1,0,0,0,29,1,1,181.16335101340707
0.002,158,2026081002,250601779,133,6,1,1,1,0,0,0,225,4,1,275.19655237177767
0.002,159,2026081002,250601779,105,5,1,1,1,0,0,0,175,3,1,238.7006456806898
0.002,160,2026081002,250601779,143,6,1,1,1,0,0,0,105,2,1,284.6594194840414
0.002,161,2026081002,250601779,141,5,1,1,1,0,0,0,35,1,1,290.5805545817716
0.002,162,2026081002,250601779,95,7,1,1,1,0,0,0,186,3,1,225.08780411209835
0.002,163,2026081002,250601779,166,6,1,1,1,0,0,0,45,1,1,319.34644397274155
0.002,164,2026081002,250601779,103,8,1,1,1,0,0,0,36,1,1,225.80535319612054
0.002,165,2026081002,250601779,111,4,1,1,1,0,0,0,18,1,1,229.03582347106973
0.002,166,2026081002,250601779,90,7,1,1,1,0,0,0,120,2,1,181.69647799510702
0.002,167,2026081002,250601779,112,5,1,1,1,0,0,0,37,1,1,206.4242108876302
0.002,168,2026081002,250601779,155,6,1,1,1,0,0,0,39,1,1,281.88919468113454
0.002,169,2026081002,250601779,139,6,1,1,1,0,0,0,35,1,1,240.505076504722
0.002,170,2026081002,250601779,106,4,1,1,1,0,0,0,160,3,1,242.141259955667
0.002,171,2026081002,250601779,148,8,1,1,1,0,0,0,34,1,1,253.61201186998903
0.002,172,2026081002,250601779,136,5,1,1,1,0,0,0,14,1,1,243.037533318817
0.002,173,2026081002,250601779,121,5,1,1,1,0,0,0,47,1,1,225.128738883969
0.002,174,2026081002,250601779,138,6,1,1,1,0,0,0,78,1,1,249.64291152356293
0.002,175,2026081002,250601779,153,5,1,1,1,0,0,0,123,2,1,335.74212148623644
0.002,176,2026081002,250601779,128,9,1,1,1,0,0,0,107,2,1,260.8725356996916
0.002,177,2026081002,250601779,107,5,1,1,1,0,0,0,108,2,1,214.15297009542115
0.002,178,2026081002,250601779,143,4,1,1,1,0,0,0,35,1,1,282.5967678285053
0.002,179,2026081002,250601779,110,8,1,1,1,0,0,0,109,2,1,256.21573670835994
0.002,180,2026081002,250601779,105,7,1,1,1,0,0,0,20,1,1,211.19685009625738
0.002,181,2026081002,250601779,78,8,1,1,1,0,0,0,16,1,1,198.59299353481077
0.002,182,2026081002,250601779,118,7,1,1,1,0,0,0,34,1,1,236.3067652831582
0.002,183,2026081002,250601779,131,6,1,1,1,0,0,0,105,2,1,263.640386957067
0.002,184,2026081002,250601779,128,6,1,1,1,0,0,0,111,2,1,252.37803505994273
0.002,185,2026081002,250601779,123,4,1,1,1,0,0,0,66,1,1,240.32150187475565
0.002,186,2026081002,250601779,103,6,1,1,1,0,0,0,36,1,1,231.82354245388785
0.002,187,2026081002,250601779,158,8,1,1,1,0,0,0,31,1,1,286.4782347151712
0.002,188,2026081002,250601779,106,7,1,1,1,0,0,0,72,1,1,199.6649223081289
0.002,189,2026081002,250601779,81,7,1,1,1,0,0,0,28,1,1,155.48749699696182
0.002,190,2026081002,250601779,131,6,1,1,1,0,0,0,274,5,1,252.7411605140775
0.002,191,2026081002,250601779,149,7,1,1,1,0,0,0,452,8,1,338.96958119667204
0.002,192,2026081002,250601779,90,5,1,1,1,0,0,0,35,1,1,166.71311822988173
0.002,193,2026081002,250601779,118,8,1,1,1,0,0,0,46,1,1,221.27942559802233
0.002,194,2026081002,250601779,117,7,1,1,1,0,0,0,24,1,1,221.11792388537054
0.002,195,2026081002,250601779,180,8,1,1,1,0,0,0,50,1,1,324.037789933589
0.002,196,2026081002,250601779,122,4,1,1,1,0,0,0,47,1,1,214.73646253814914
0.002,197,2026081002,250601779,131,8,1,1,1,0,0,0,186,3,1,302.06788845753806
0.002,198,2026081002,250601779,98,5,1,1,1,0,0,0,61,1,1,240.7968509936859
0.002,199,2026081002,250601779,138,7,1,1,1,0,0,0,39,1,1,289.83848643799337
0.002,200,2026081002,250601779,82,5,1,1,1,0,0,0,24,1,1,243.42856162813595
0.002,201,2026081002,250601779,105,6,1,1,1,0,0,0,122,2,1,210.63277407203714
0.002,202,2026081002,250601779,139,9,1,1,1,0,0,0,58,1,1,247.77356674377097
0.002,203,2026081002,250601779,119,6,1,1,1,0,0,0,46,1,1,233.64977990785064
0.002,204,2026081002,250601779,97,7,1,1,1,0,0,0,28,1,1,183.23188748561864
0.002,205,2026081002,250601779,113,7,1,1,1,0,0,0,61,1,1,228.40534922108014
0.002,206,2026081002,250601779,145,3,1,1,1,0,0,0,158,3,1,297.78196522293115
0.002,207,2026081002,250601779,127,6,1,1,1,0,0,0,50,1,1,247.67070294976392
0.002,208,2026081002,250601779,134,5,1,1,1,0,0,0,39,1,1,349.3870172016873
0.002,209,2026081002,250601779,114,7,1,1,1,0,0,0,76,1,1,223.19404122486645
0.002,210,2026081002,250601779,165,7,1,1,1,0,0,0,72,1,1,320.85651151541197
0.002,211,2026081002,250601779,144,9,1,1,1,0,0,0,50,1,1,301.5409187596323
0.002,212,2026081002,250601779,162,4,1,1,1,0,0,0,41,1,1,291.47201662442376
0.002,213,2026081002,250601779,113,7,1,1,1,0,0,0,46,1,1,201.52933686974455
0.002,214,2026081002,250601779,129,8,1,1,1,0,0,0,23,1,1,230.78444256568923
0.002,215,2026081002,250601779,147,7,1,1,1,0,0,0,18,1,1,285.10177635984456
0.002,216,2026081002,250601779,121,3,1,1,1,0,0,0,31,1,1,254.83647744675756
0.002,217,2026081002,250601779,158,6,1,1,1,0,0,0,42,1,1,299.78239495393905
0.002,218,2026081002,250601779,94,7,1,1,1,0,0,0,52,1,1,195.51422031559886
0.002,219,2026081002,250601779,122,7,1,1,1,0,0,0,46,1,1,227.64219753954825
0.002,220,2026081002,250601779,119,5,1,1,1,0,0,0,30,1,1,219.41656056972622
0.002,221,2026081002,250601779,173,7,1,1,1,0,0,0,65,1,1,318.78701082081
0.002,222,2026081002,250601779,167,5,1,1,1,0,0,0,112,2,1,357.3933269172437
0.002,223,2026081002,250601779,154,5,1,1,1,0,0,0,61,1,1,262.43948638011824
0.002,224,2026081002,250601779,145,9,1,1,1,0,0,0,69,1,1,265.00358706431024
0.002,225,2026081002,250601779,112,7,1,1,1,0,0,0,21,1,1,215.14153815368837
0.002,226,2026081002,250601779,97,6,1,1,1,0,0,0,21,1,1,194.6746422375769
0.002,227,2026081002,250601779,97,5,1,1,1,0,0,0,17,1,1,179.50124806486576
0.002,228,2026081002,250601779,110,5,1,1,1,0,0,0,22,1,1,231.91957590654425
0.002,229,2026081002,250601779,122,4,1,1,1,0,0,0,41,1,1,268.6613063731421
0.002,230,2026081002,250601779,118,7,1,1,1,0,0,0,34,1,1,211.85897129587846
0.002,231,2026081002,250601779,132,9,1,1,1,0,0,0,26,1,1,233.73437592420487
0.002,232,2026081002,250601779,70,6,1,1,1,0,0,0,36,1,1,163.99371111697846
0.002,233,2026081002,250601779,180,8,1,1,1,0,0,0,31,1,1,407.49446226028795
0.002,234,2026081002,250601779,144,7,1,1,1,0,0,0,25,1,1,266.6110355362722
0.002,235,2026081002,250601779,127,5,1,1,1,0,0,0,166,3,1,281.3801192953227
0.002,236,2026081002,250601779,133,7,1,1,1,0,0,0,61,1,1,302.3699799068822
0.002,237,2026081002,250601779,121,9,1,1,1,0,0,0,34,1,1,245.9364654147994
0.002,238,2026081002,250601779,121,10,1,1,1,0,0,0,194,3,1,242.9697100479578
0.002,239,2026081002,250601779,109,8,1,1,1,0,0,0,216,4,1,252.55280380966502
0.002,240,2026081002,250601779,86,8,1,1,1,0,0,0,119,2,1,180.19406882447714
0.002,241,2026081002,250601779,84,8,1,1,1,0,0,0,37,1,1,285.479791177712
0.002,242,2026081002,250601779,95,7,1,1,1,0,0,0,17,1,1,198.4022289936872
0.002,243,2026081002,250601779,135,6,1,1,1,0,0,0,20,1,1,255.89776620338296
0.002,244,2026081002,250601779,139,6,1,1,1,0,0,0,53,1,1,259.63828860991026
0.002,245,2026081002,250601779,111,4,1,1,1,0,0,0,39,1,1,203.9088777548842
0.002,246,2026081002,250601779,117,5,1,1,1,0,0,0,49,1,1,230.11837011991219
0.002,247,2026081002,250601779,138,4,1,1,1,0,0,0,102,2,1,266.0240009197846
0.002,248,2026081002,250601779,123,6,1,1,1,0,0,0,21,1,1,248.97966124853656
0.002,249,2026081002,250601779,98,6,1,1,1,0,0,0,19,1,1,208.39616884454395
0.002,250,2026081002,250601779,103,5,1,1,1,0,0,0,35,1,1,196.23134653274406
0.002,251,2026081002,250601779,91,9,1,1,1,0,0,0,24,1,1,167.72569472737135
0.002,252,2026081002,250601779,92,6,1,1,1,0,0,0,28,1,1,164.23028105169666
0.002,253,2026081002,250601779,80,7,1,1,1,0,0,0,17,1,1,151.25562179603247
0.002,254,2026081002,250601779,121,4,1,1,1,0,0,0,22,1,1,243.11376709848946
0.002,255,2026081002,250601779,130,7,1,1,1,0,0,0,46,1,1,256.04719181526826
0.003,0,2026081003,250601779,190,6,1,1,1,0,0,0,64,1,1,334.01008735164294
0.003,1,2026081003,250601779,148,3,1,1,1,0,0,0,54,1,1,255.06075634862287
0.003,2,2026081003,250601779,162,4,1,1,1,0,0,0,133,2,1,319.38008274655294
0.003,3,2026081003,250601779,188,7,1,1,1,0,0,0,35,1,1,303.52269296066584
0.003,4,2026081003,250601779,199,5,1,1,1,0,0,0,119,2,1,419.7843115855918
0.003,5,2026081003,250601779,215,4,1,1,1,0,0,0,436,7,1,431.085825660748
0.003,6,2026081003,250601779,177,5,1,1,1,0,0,0,129,2,1,358.7611233926983
0.003,7,2026081003,250601779,166,8,1,1,1,0,0,0,106,2,1,330.5741593012825
0.003,8,2026081003,250601779,235,7,1,1,1,0,0,0,54,1,1,387.868928677665
0.003,9,2026081003,250601779,176,7,1,1,1,0,0,0,99,2,1,314.0597829887429
0.003,10,2026081003,250601779,155,6,1,1,1,0,0,0,62,1,1,281.7064447253214
0.003,11,2026081003,250601779,187,10,1,1,1,0,0,0,33,1,1,370.13875552686875
0.003,12,2026081003,250601779,187,9,1,1,1,0,0,0,1628,27,1,381.70113903770493
0.003,13,2026081003,250601779,217,11,1,1,1,0,0,0,66,1,1,389.24568712932216
0.003,14,2026081003,250601779,170,4,1,1,1,0,0,0,109,2,1,325.6153627939342
0.003,15,2026081003,250601779,206,6,1,1,1,0,0,0,56,1,1,443.8450187642816
0.003,16,2026081003,250601779,111,8,1,1,1,0,0,0,36,1,1,243.54362285093583
0.003,17,2026081003,250601779,151,4,1,1,1,0,0,0,28,1,1,303.11089347663153
0.003,18,2026081003,250601779,212,7,1,1,1,0,0,0,190,3,1,455.0197607393027
0.003,19,2026081003,250601779,207,7,1,1,1,0,0,0,161,3,1,448.07508215823657
0.003,20,2026081003,250601779,142,6,1,1,1,0,0,0,43,1,1,297.83748089421266
0.003,21,2026081003,250601779,175,6,1,1,1,0,0,0,45,1,1,384.17306652483677
0.003,22,2026081003,250601779,140,9,1,1,1,0,0,0,40,1,1,299.64514828359285
0.003,23,2026081003,250601779,170,4,1,1,1,0,0,0,51,1,1,317.9606267423195
0.003,24,2026081003,250601779,162,5,1,1,1,0,0,0,44,1,1,319.8453490652687
0.003,25,2026081003,250601779,189,3,1,1,1,0,0,0,63,1,1,351.3530754960051
0.003,26,2026081003,250601779,165,5,1,1,1,0,0,0,49,1,1,323.7049191777459
0.003,27,2026081003,250601779,186,7,1,1,1,0,0,0,71,1,1,370.2595596654454
0.003,28,2026081003,250601779,185,4,1,1,1,0,0,0,62,1,1,308.73469368104963
0.003,29,2026081003,250601779,179,10,1,1,1,0,0,0,77,1,1,353.50019207778575
0.003,30,2026081003,250601779,212,6,1,1,1,0,0,0,1027,17,1,480.4586571109121
0.003,31,2026081003,250601779,161,6,1,1,1,0,0,0,119,2,1,364.6514590084545
0.003,32,2026081003,250601779,211,5,1,1,1,0,0,0,243,4,1,446.29420012855076
0.003,33,2026081003,250601779,156,5,1,1,1,0,0,0,111,2,1,338.1365885777579
0.003,34,2026081003,250601779,153,8,1,1,1,0,0,0,259,4,1,315.0654049120469
0.003,35,2026081003,250601779,174,5,1,1,1,0,0,0,46,1,1,333.31628054069404
0.003,36,2026081003,250601779,196,3,1,1,1,0,0,0,171,3,1,416.3812192010728
0.003,37,2026081003,250601779,168,7,1,1,1,0,0,0,131,2,1,364.41880969251235
0.003,38,2026081003,250601779,180,3,1,1,1,0,0,0,105,2,1,342.0988333353091
0.003,39,2026081003,250601779,192,5,1,1,1,0,0,0,80,1,1,322.79759598634234
0.003,40,2026081003,250601779,175,6,1,1,1,0,0,0,78,1,1,326.6712476177772
0.003,41,2026081003,250601779,162,8,1,1,1,0,0,0,67,1,1,313.0710624061933
0.003,42,2026081003,250601779,238,6,1,1,1,0,0,0,135,2,1,481.2974775657624
0.003,43,2026081003,250601779,158,6,1,1,1,0,0,0,140,2,1,309.36879229656824
0.003,44,2026081003,250601779,210,7,1,1,1,0,0,0,196,3,1,414.321930400509
0.003,45,2026081003,250601779,127,6,1,1,1,0,0,0,30,1,1,266.7371653093056
0.003,46,2026081003,250601779,196,5,1,1,1,0,0,0,66,1,1,372.7982309693546
0.003,47,2026081003,250601779,126,6,1,1,1,0,0,0,20,1,1,232.08005695646293
0.003,48,2026081003,250601779,164,6,1,1,1,0,0,0,47,1,1,298.0926604066284
0.003,49,2026081003,250601779,222,3,1,1,1,0,0,0,69,1,1,403.5643877673941
0.003,50,2026081003,250601779,209,7,1,1,1,0,0,0,72,1,1,422.9806140343505
0.003,51,2026081003,250601779,182,4,1,1,1,0,0,0,77,1,1,318.1381312280844
0.003,52,2026081003,250601779,206,9,1,1,1,0,0,0,273,5,1,468.64816686010937
0.003,53,2026081003,250601779,173,6,1,1,1,0,0,0,33,1,1,320.82740677363176
0.003,54,2026081003,250601779,153,7,1,1,1,0,0,0,68,1,1,284.17337645615464
0.003,55,2026081003,250601779,189,6,1,1,1,0,0,0,456,8,1,367.7606951800061
0.003,56,2026081003,250601779,173,6,1,1,1,0,0,0,43,1,1,291.7093211894539
0.003,57,2026081003,250601779,186,9,1,1,1,0,0,0,69,1,1,331.25311751767583
0.003,58,2026081003,250601779,207,5,1,1,1,0,0,0,39,1,1,389.470983844893
0.003,59,2026081003,250601779,196,5,1,1,1,0,0,0,139,2,1,438.0120881914481
0.003,60,2026081003,250601779,185,5,1,1,1,0,0,0,168,3,1,396.96774447448183
0.003,61,2026081003,250601779,187,4,1,1,1,0,0,0,21,1,1,349.9375815073288
0.003,62,2026081003,250601779,204,6,1,1,1,0,0,0,80,1,1,355.22116925159594
0.003,63,2026081003,250601779,175,8,1,1,1,0,0,0,221,4,1,393.7614897969373
0.003,64,2026081003,250601779,146,5,1,1,1,0,0,0,519,9,1,324.5536061907168
0.003,65,2026081003,250601779,185,7,1,1,1,0,0,0,112,2,1,356.3787789321247
0.003,66,2026081003,250601779,203,9,1,1,1,0,0,0,226,4,1,484.69106642873123
0.003,67,2026081003,250601779,123,7,1,1,1,0,0,0,77,1,1,249.07512071026156
0.003,68,2026081003,250601779,161,8,1,1,1,0,0,0,121,2,1,316.13997763147074
0.003,69,2026081003,250601779,192,2,1,1,1,0,0,0,251,4,1,420.2600814525493
0.003,70,2026081003,250601779,178,6,1,1,1,0,0,0,279,5,1,342.0329967261017
0.003,71,2026081003,250601779,196,7,1,1,1,0,0,0,174,3,1,396.37244815213336
0.003,72,2026081003,250601779,153,6,1,1,1,0,0,0,42,1,1,304.44676968396107
0.003,73,2026081003,250601779,193,9,1,1,1,0,0,0,67,1,1,366.14549973223205
0.003,74,2026081003,250601779,169,4,1,1,1,0,0,0,116,2,1,360.0631065744469
0.003,75,2026081003,250601779,184,4,1,1,1,0,0,0,187,3,1,356.3026231299589
0.003,76,2026081003,250601779,189,5,1,1,1,0,0,0,126,2,1,395.46774284777945
0.003,77,2026081003,250601779,147,6,1,1,1,0,0,0,254,4,1,336.5985373668532
0.003,78,2026081003,250601779,186,3,1,1,1,0,0,0,1216,20,1,380.4553355107775
0.003,79,2026081003,250601779,191,5,1,1,1,0,0,0,56,1,1,376.9281717097871
0.003,80,2026081003,250601779,157,5,1,1,1,0,0,0,44,1,1,284.89746806021185
0.003,81,2026081003,250601779,166,5,1,1,1,0,0,0,50,1,1,283.8737822605278
0.003,82,2026081003,250601779,200,6,1,1,1,0,0,0,38,1,1,361.4375780226261
0.003,83,2026081003,250601779,190,5,1,1,1,0,0,0,99,2,1,350.30463557728
0.003,84,2026081003,250601779,177,7,1,1,1,0,0,0,19,1,1,339.33741062581834
0.003,85,2026081003,250601779,192,6,1,1,1,0,0,0,33,1,1,348.3368602612608
0.003,86,2026081003,250601779,174,6,1,1,1,0,0,0,46,1,1,310.89713486472044
0.003,87,2026081003,250601779,240,4,1,1,1,0,0,0,190,3,1,495.16884254509284
0.003,88,2026081003,250601779,219,7,1,1,1,0,0,0,169,3,1,437.66513494350414
0.003,89,2026081003,250601779,206,6,1,1,1,0,0,0,169,3,1,470.9377785745339
0.003,90,2026081003,250601779,196,6,1,1,1,0,0,0,159,3,1,408.7363196794462
0.003,91,2026081003,250601779,198,7,1,1,1,0,0,0,108,2,1,356.7382629647691
0.003,92,2026081003,250601779,141,4,1,1,1,0,0,0,139,2,1,280.77060303723624
0.003,93,2026081003,250601779,197,6,1,1,1,0,0,0,537,9,1,451.6992331679122
0.003,94,2026081003,250601779,191,6,1,1,1,0,0,0,53,1,1,339.3205722866711
0.003,95,2026081003,250601779,173,7,1,1,1,0,0,0,160,3,1,391.8014815730837
0.003,96,2026081003,250601779,200,7,1,1,1,0,0,0,48,1,1,324.50527374495147
0.003,97,2026081003,250601779,179,7,1,1,1,0,0,0,62,1,1,367.0462450364199
0.003,98,2026081003,250601779,168,5,1,1,1,0,0,0,138,2,1,357.2124275644379
0.003,99,2026081003,250601779,171,7,1,1,1,0,0,0,42,1,1,322.32364217995257
0.003,100,2026081003,250601779,207,6,1,1,1,0,0,0,468,8,1,460.9340700511961
0.003,101,2026081003,250601779,179,5,1,1,1,0,0,0,74,1,1,322.9421465750171
0.003,102,2026081003,250601779,155,10,1,1,1,0,0,0,27,1,1,291.4770884769599
0.003,103,2026081003,250601779,180,4,1,1,1,0,0,0,65,1,1,307.83650164987296
0.003,104,2026081003,250601779,209,8,1,1,1,0,0,0,336,6,1,400.45426334288686
0.003,105,2026081003,250601779,152,4,1,1,1,0,0,0,127,2,1,300.9699768599094
0.003,106,2026081003,250601779,194,7,1,1,1,0,0,0,308,5,1,434.33252233682606
0.003,107,2026081003,250601779,171,6,1,1,1,0,0,0,35,1,1,394.70136790235586
0.003,108,2026081003,250601779,173,3,1,1,1,0,0,0,30,1,1,328.1522793671891
0.003,109,2026081003,250601779,165,9,1,1,1,0,0,0,25,1,1,334.3071680456152
0.003,110,2026081003,250601779,149,5,1,1,1,0,0,0,40,1,1,278.69543082059056
0.003,111,2026081003,250601779,176,5,1,1,1,0,0,0,37,1,1,337.6597328572149
0.003,112,2026081003,250601779,159,4,1,1,1,0,0,0,60,1,1,318.17295543454674
0.003,113,2026081003,250601779,199,7,1,1,1,0,0,0,174,3,1,429.5040368538157
0.003,114,2026081003,250601779,164,6,1,1,1,0,0,0,320,5,1,352.0994950883885
0.003,115,2026081003,250601779,162,9,1,1,1,0,0,0,227,4,1,375.5476883038701
0.003,116,2026081003,250601779,160,8,1,1,1,0,0,0,32,1,1,317.677613964015
0.003,117,2026081003,250601779,142,7,1,1,1,0,0,0,107,2,1,303.8267248726133
0.003,118,2026081003,250601779,151,6,1,1,1,0,0,0,29,1,1,310.73298532612546
0.003,119,2026081003,250601779,214,8,1,1,1,0,0,0,30,1,1,393.51909987351166
0.003,120,2026081003,250601779,200,7,1,1,1,0,0,0,1700,28,1,447.7117802121279
0.003,121,2026081003,250601779,175,6,1,1,1,0,0,0,39,1,1,342.63916770634637
0.003,122,2026081003,250601779,157,5,1,1,1,0,0,0,64,1,1,286.7486433766883
0.003,123,2026081003,250601779,162,6,1,1,1,0,0,0,27,1,1,300.6746756866443
0.003,124,2026081003,250601779,162,5,1,1,1,0,0,0,47,1,1,315.53009389578335
0.003,125,2026081003,250601779,197,7,1,1,1,0,0,0,219,4,1,429.0889857895464
0.003,126,2026081003,250601779,206,9,1,1,1,0,0,0,126,2,1,431.0595331801933
0.003,127,2026081003,250601779,179,4,1,1,1,0,0,0,71,1,1,373.96476289175644
0.003,128,2026081003,250601779,118,4,1,1,1,0,0,0,17,1,1,210.2325156924848
0.003,129,2026081003,250601779,205,3,1,1,1,0,0,0,28,1,1,354.4444968687238
0.003,130,2026081003,250601779,152,6,1,1,1,0,0,0,252,4,1,305.98554662203117
0.003,131,2026081003,250601779,173,7,1,1,1,0,0,0,38,1,1,308.2397406269446
0.003,132,2026081003,250601779,170,7,1,1,1,0,0,0,80,1,1,291.6435420993889
0.003,133,2026081003,250601779,182,8,1,1,1,0,0,0,60,1,1,335.64364597559387
0.003,134,2026081003,250601779,177,6,1,1,1,0,0,0,45,1,1,318.85467435277593
0.003,135,2026081003,250601779,180,6,1,1,1,0,0,0,67,1,1,324.3276864472844
0.003,136,2026081003,250601779,195,10,1,1,1,0,0,0,174,3,1,372.18801627371647
0.003,137,2026081003,250601779,157,6,1,1,1,0,0,0,35,1,1,343.4169122800213
0.003,138,2026081003,250601779,171,7,1,1,1,0,0,0,69,1,1,319.54402882102306
0.003,139,2026081003,250601779,179,4,1,1,1,0,0,0,179,3,1,386.1267642014957
0.003,140,2026081003,250601779,191,5,1,1,1,0,0,0,342,6,1,396.7216603869058
0.003,141,2026081003,250601779,179,7,1,1,1,0,0,0,175,3,1,372.02397093230906
0.003,142,2026081003,250601779,164,7,1,1,1,0,0,0,44,1,1,293.04234413410984
0.003,143,2026081003,250601779,142,7,1,1,1,0,0,0,75,1,1,273.51138313754007
0.003,144,2026081003,250601779,148,6,1,1,1,0,0,0,170,3,1,353.8729910050157
0.003,145,2026081003,250601779,208,5,1,1,1,0,0,0,188,3,1,407.63477308959585
0.003,146,2026081003,250601779,177,5,1,1,1,0,0,0,49,1,1,354.0913908029744
0.003,147,2026081003,250601779,151,6,1,1,1,0,0,0,354,6,1,361.4728206871788
0.003,148,2026081003,250601779,204,7,1,1,1,0,0,0,105,2,1,375.63605927831145
0.003,149,2026081003,250601779,135,3,1,1,1,0,0,0,132,2,1,273.01150411960015
0.003,150,2026081003,250601779,155,8,1,1,1,0,0,0,30,1,1,282.91056214016464
0.003,151,2026081003,250601779,218,5,1,1,1,0,0,0,71,1,1,388.1993461175314
0.003,152,2026081003,250601779,182,8,1,1,1,0,0,0,34,1,1,355.48131595144775
0.003,153,2026081003,250601779,206,6,1,1,1,0,0,0,187,3,1,461.50766222507633
0.003,154,2026081003,250601779,198,5,1,1,1,0,0,0,258,4,1,423.17964030830757
0.003,155,2026081003,250601779,175,3,1,1,1,0,0,0,34,1,1,312.71922000495493
0.003,156,2026081003,250601779,192,7,1,1,1,0,0,0,46,1,1,327.8679539592488
0.003,157,2026081003,250601779,180,6,1,1,1,0,0,0,72,1,1,317.02337839647294
0.003,158,2026081003,250601779,146,7,1,1,1,0,0,0,43,1,1,265.849285793477
0.003,159,2026081003,250601779,191,7,1,1,1,0,0,0,53,1,1,381.1600074149627
0.003,160,2026081003,250601779,197,8,1,1,1,0,0,0,57,1,1,363.12032136416406
0.003,161,2026081003,250601779,240,8,1,1,1,0,0,0,177,3,1,487.7673287744234
0.003,162,2026081003,250601779,197,8,1,1,1,0,0,0,108,2,1,368.1232596630057
0.003,163,2026081003,250601779,197,5,1,1,1,0,0,0,286,5,1,457.0759450333153
0.003,164,2026081003,250601779,147,4,1,1,1,0,0,0,469,8,1,329.8958699797857
0.003,165,2026081003,250601779,152,6,1,1,1,0,0,0,31,1,1,271.0810901054059
0.003,166,2026081003,250601779,171,7,1,1,1,0,0,0,118,2,1,322.42698999459964
0.003,167,2026081003,250601779,177,8,1,1,1,0,0,0,60,1,1,342.565555060018
0.003,168,2026081003,250601779,191,6,1,1,1,0,0,0,35,1,1,378.53976090274625
0.003,169,2026081003,250601779,210,7,1,1,1,0,0,0,1073,18,1,495.94358952742084
0.003,170,2026081003,250601779,175,8,1,1,1,0,0,0,34,1,1,336.490863526822
0.003,171,2026081003,250601779,206,8,1,1,1,0,0,0,28,1,1,364.05107497932397
0.003,172,2026081003,250601779,172,3,1,1,1,0,0,0,38,1,1,317.5116919061603
0.003,173,2026081003,250601779,173,5,1,1,1,0,0,0,31,1,1,300.0684542682586
0.003,174,2026081003,250601779,185,5,1,1,1,0,0,0,55,1,1,322.63549410837703
0.003,175,2026081003,250601779,196,7,1,1,1,0,0,0,73,1,1,368.5611207256072
0.003,176,2026081003,250601779,130,6,1,1,1,0,0,0,17,1,1,230.29729508220356
0.003,177,2026081003,250601779,177,6,1,1,1,0,0,0,516,9,1,383.9047187320589
0.003,178,2026081003,250601779,181,8,1,1,1,0,0,0,370,6,1,403.7692418549209
0.003,179,2026081003,250601779,204,7,1,1,1,0,0,0,162,3,1,436.5160596418485
0.003,180,2026081003,250601779,181,5,1,1,1,0,0,0,57,1,1,339.81280017972233
0.003,181,2026081003,250601779,197,4,1,1,1,0,0,0,118,2,1,384.1152843567313
0.003,182,2026081003,250601779,186,8,1,1,1,0,0,0,41,1,1,358.26696452344555
0.003,183,2026081003,250601779,144,6,1,1,1,0,0,0,41,1,1,253.33663833013333
0.003,184,2026081003,250601779,188,9,1,1,1,0,0,0,37,1,1,341.01020257247603
0.003,185,2026081003,250601779,145,4,1,1,1,0,0,0,65,1,1,262.8023715187786
0.003,186,2026081003,250601779,188,6,1,1,1,0,0,0,163,3,1,399.6335293085805
0.003,187,2026081003,250601779,170,5,1,1,1,0,0,0,20,1,1,307.7831144788174
0.003,188,2026081003,250601779,242,5,1,1,1,0,0,0,67,1,1,459.2514758539297
0.003,189,2026081003,250601779,154,8,1,1,1,0,0,0,44,1,1,294.9108384859028
0.003,190,2026081003,250601779,154,4,1,1,1,0,0,0,56,1,1,305.6262262870265
0.003,191,2026081003,250601779,172,8,1,1,1,0,0,0,156,3,1,320.8133987325559
0.003,192,2026081003,250601779,209,4,1,1,1,0,0,0,75,1,1,392.33134860824873
0.003,193,2026081003,250601779,193,5,1,1,1,0,0,0,166,3,1,390.08155568697623
0.003,194,2026081003,250601779,165,7,1,1,1,0,0,0,234,4,1,348.78224506371026
0.003,195,2026081003,250601779,171,5,1,1,1,0,0,0,60,1,1,321.96133003812406
0.003,196,2026081003,250601779,206,9,1,1,1,0,0,0,60,1,1,369.4930516397168
0.003,197,2026081003,250601779,202,8,1,1,1,0,0,0,56,1,1,394.6834409562569
0.003,198,2026081003,250601779,228,3,1,1,1,0,0,0,109,2,1,441.9353792218776
0.003,199,2026081003,250601779,129,7,1,1,1,0,0,0,14,1,1,262.1269019097716
0.003,200,2026081003,250601779,204,5,1,1,1,0,0,0,252,4,1,466.02418102955073
0.003,201,2026081003,250601779,159,5,1,1,1,0,0,0,53,1,1,275.0984670429683
0.003,202,2026081003,250601779,183,3,1,1,1,0,0,0,44,1,1,355.50163584023716
0.003,203,2026081003,250601779,228,6,1,1,1,0,0,0,48,1,1,406.33826671627116
0.003,204,2026081003,250601779,164,9,1,1,1,0,0,0,173,3,1,343.89847202041494
0.003,205,2026081003,250601779,131,6,1,1,1,0,0,0,172,3,1,301.28370938257564
0.003,206,2026081003,250601779,180,7,1,1,1,0,0,0,31,1,1,306.0916317806237
0.003,207,2026081003,250601779,163,7,1,1,1,0,0,0,68,1,1,305.1740886843647
0.003,208,2026081003,250601779,171,5,1,1,1,0,0,0,44,1,1,335.3513633397831
0.003,209,2026081003,250601779,184,6,1,1,1,0,0,0,220,4,1,402.79139616938926
0.003,210,2026081003,250601779,179,7,1,1,1,0,0,0,177,3,1,362.8544225656541
0.003,211,2026081003,250601779,224,6,1,1,1,0,0,0,112,2,1,436.5092234144308
0.003,212,2026081003,250601779,186,4,1,1,1,0,0,0,130,2,1,371.6475775620672
0.003,213,2026081003,250601779,220,6,1,1,1,0,0,0,70,1,1,462.48147684533416
0.003,214,2026081003,250601779,175,8,1,1,1,0,0,0,304,5,1,332.41676091333704
0.003,215,2026081003,250601779,139,6,1,1,1,0,0,0,45,1,1,261.59453122203877
0.003,216,2026081003,250601779,221,10,1,1,1,0,0,0,37,1,1,407.3305289162636
0.003,217,2026081003,250601779,182,7,1,1,1,0,0,0,222,4,1,395.11383445516117
0.003,218,2026081003,250601779,177,4,1,1,1,0,0,0,102,2,1,332.212498782393
0.003,219,2026081003,250601779,210,6,1,1,1,0,0,0,152,3,1,389.57811391376595
0.003,220,2026081003,250601779,196,8,1,1,1,0,0,0,416,7,1,395.11267814240955
0.003,221,2026081003,250601779,217,6,1,1,1,0,0,0,405,7,1,474.7517539637148
0.003,222,2026081003,250601779,194,8,1,1,1,0,0,0,27,1,1,421.94152926855907
0.003,223,2026081003,250601779,165,9,1,1,1,0,0,0,276,5,1,365.2662961995201
0.003,224,2026081003,250601779,140,5,1,1,1,0,0,0,192,3,1,273.03417760806883
0.003,225,2026081003,250601779,185,7,1,1,1,0,0,0,163,3,1,373.69827021646825
0.003,226,2026081003,250601779,160,7,1,1,1,0,0,0,242,4,1,337.46573596362305
0.003,227,2026081003,250601779,197,6,1,1,1,0,0,0,26,1,1,326.4868176396285
0.003,228,2026081003,250601779,184,8,1,1,1,0,0,0,65,1,1,340.77399541200015
0.003,229,2026081003,250601779,175,7,1,1,1,0,0,0,234,4,1,395.70634697854723
0.003,230,2026081003,250601779,202,5,1,1,1,0,0,0,30,1,1,433.8099493171995
0.003,231,2026081003,250601779,160,6,1,1,1,0,0,0,50,1,1,288.24970977319754
0.003,232,2026081003,250601779,177,4,1,1,1,0,0,0,101,2,1,354.075232701788
0.003,233,2026081003,250601779,219,8,1,1,1,0,0,0,59,1,1,356.3816530624234
0.003,234,2026081003,250601779,193,8,1,1,1,0,0,0,74,1,1,387.24539217905885
0.003,235,2026081003,250601779,132,7,1,1,1,0,0,0,27,1,1,330.61388080420664
0.003,236,2026081003,250601779,207,6,1,1,1,0,0,0,79,1,1,419.0576375199314
0.003,237,2026081003,250601779,232,2,1,1,1,0,0,0,57,1,1,439.8486041420557
0.003,238,2026081003,250601779,198,7,1,1,1,0,0,0,138,2,1,412.51865931798346
0.003,239,2026081003,250601779,173,5,1,1,1,0,0,0,60,1,1,320.8087423567055
0.003,240,2026081003,250601779,168,6,1,1,1,0,0,0,75,1,1,318.3085628852948
0.003,241,2026081003,250601779,240,4,1,1,1,0,0,0,51,1,1,390.84116471793686
0.003,242,2026081003,250601779,177,3,1,1,1,0,0,0,159,3,1,395.74576314698095
0.003,243,2026081003,250601779,170,8,1,1,1,0,0,0,54,1,1,320.3543066982611
0.003,244,2026081003,250601779,186,7,1,1,1,0,0,0,41,1,1,357.37940365020705
0.003,245,2026081003,250601779,187,5,1,1,1,0,0,0,80,1,1,394.7748334883829
0.003,246,2026081003,250601779,169,6,1,1,1,0,0,0,150,3,1,321.98750768940084
0.003,247,2026081003,250601779,187,6,1,1,1,0,0,0,45,1,1,313.96062153921844
0.003,248,2026081003,250601779,210,5,1,1,1,0,0,0,281,5,1,429.13965577767567
0.003,249,2026081003,250601779,180,7,1,1,1,0,0,0,33,1,1,320.3043863658262
0.003,250,2026081003,250601779,181,6,1,1,1,0,0,0,49,1,1,369.54403387644436
0.003,251,2026081003,250601779,189,6,1,1,1,0,0,0,99,2,1,388.1205964802022
0.003,252,2026081003,250601779,194,6,1,1,1,0,0,0,408,7,1,423.3648215411953
0.003,253,2026081003,250601779,166,7,1,1,1,0,0,0,160,3,1,349.78220550967944
0.003,254,2026081003,250601779,133,8,1,1,1,0,0,0,24,1,1,293.03998389500924
0.003,255,2026081003,250601779,182,6,1,1,1,0,0,0,62,1,1,369.4557442046106
0.004,0,2026081004,250601779,211,4,1,1,1,0,0,0,290,5,1,434.8092895687678
0.004,1,2026081004,250601779,202,7,1,1,1,0,0,0,188,3,1,402.7830004121389
0.004,2,2026081004,250601779,213,6,1,1,1,0,0,0,242,4,1,440.1305931728667
0.004,3,2026081004,250601779,202,7,1,1,1,0,0,0,535,9,1,425.05631245687636
0.004,4,2026081004,250601779,222,4,1,1,1,0,0,0,65,1,1,442.074956908025
0.004,5,2026081004,250601779,199,4,1,1,1,0,0,0,461,8,1,423.2791665466483
0.004,6,2026081004,250601779,197,8,1,1,1,0,0,0,54,1,1,319.99506620231847
0.004,7,2026081004,250601779,218,8,1,1,1,0,0,0,77,1,1,414.08698303558276
0.004,8,2026081004,250601779,266,4,1,1,1,0,0,0,305,5,1,576.2567407739157
0.004,9,2026081004,250601779,252,6,1,1,1,0,0,0,56,1,1,557.1650082972417
0.004,10,2026081004,250601779,215,4,1,1,1,0,0,0,100,2,1,441.38732379683415
0.004,11,2026081004,250601779,245,6,1,1,1,0,0,0,1127,19,1,519.0057370225932
0.004,12,2026081004,250601779,223,8,1,1,1,0,0,0,221,4,1,452.57881916153883
0.004,13,2026081004,250601779,250,2,1,1,1,0,0,0,190,3,1,506.37684364219064
0.004,14,2026081004,250601779,289,5,1,1,1,0,0,0,1203,20,1,590.0909636106861
0.004,15,2026081004,250601779,225,6,1,1,1,0,0,0,51,1,1,408.26114437191103
0.004,16,2026081004,250601779,193,7,1,1,1,0,0,0,68,1,1,328.6180067281037
0.004,17,2026081004,250601779,257,7,1,1,1,0,0,0,733,12,1,562.1270212658154
0.004,18,2026081004,250601779,220,5,1,1,1,0,0,0,27,1,1,414.93958629171834
0.004,19,2026081004,250601779,254,5,1,1,1,0,0,0,425,7,1,503.3851825504689
0.004,20,2026081004,250601779,196,7,1,1,1,0,0,0,52,1,1,358.1476834936092
0.004,21,2026081004,250601779,215,4,1,1,1,0,0,0,110,2,1,446.2081246604289
0.004,22,2026081004,250601779,229,6,1,1,1,0,0,0,178,3,1,477.4415466767606
0.004,23,2026081004,250601779,193,3,1,1,1,0,0,0,137,2,1,373.2282894588326
0.004,24,2026081004,250601779,233,5,1,1,1,0,0,0,164,3,1,492.1331995356651
0.004,25,2026081004,250601779,215,5,1,1,1,0,0,0,129,2,1,414.70535269286427
0.004,26,2026081004,250601779,241,8,1,1,1,0,0,0,950,16,1,495.6979894496476
0.004,27,2026081004,250601779,236,4,1,1,1,0,0,0,1602,27,1,509.29112117068576
0.004,28,2026081004,250601779,225,2,1,1,1,0,0,0,436,7,1,489.8224980022237
0.004,29,2026081004,250601779,268,3,1,1,1,0,0,0,72,1,1,444.2974383449085
0.004,30,2026081004,250601779,256,6,1,1,1,0,0,0,255,4,1,464.0298721218408
0.004,31,2026081004,250601779,185,3,1,1,1,0,0,0,176,3,1,374.71778741357633
0.004,32,2026081004,250601779,251,6,1,1,1,0,0,0,245,4,1,498.4191587412497
0.004,33,2026081004,250601779,225,3,1,1,1,0,0,0,117,2,1,471.59095286298344
0.004,34,2026081004,250601779,261,5,1,1,1,0,0,0,651,11,1,534.5136591271018
0.004,35,2026081004,250601779,245,4,1,1,1,0,0,0,297,5,1,538.991340172104
0.004,36,2026081004,250601779,194,4,1,1,1,0,0,0,61,1,1,370.2985802370473
0.004,37,2026081004,250601779,250,6,1,1,1,0,0,0,121,2,1,497.8274578128563
0.004,38,2026081004,250601779,247,5,1,1,1,0,0,0,105,2,1,447.671360797597
0.004,39,2026081004,250601779,227,3,1,1,1,0,0,0,76,1,1,405.11591100138156
0.004,40,2026081004,250601779,259,5,1,1,1,0,0,0,248,4,1,538.044127874012
0.004,41,2026081004,250601779,255,4,1,1,1,0,0,0,215,4,1,509.02830755088945
0.004,42,2026081004,250601779,261,8,1,1,1,0,0,0,2568,43,1,536.1812788594325
0.004,43,2026081004,250601779,239,6,1,1,1,0,0,0,553,9,1,497.02732146982476
0.004,44,2026081004,250601779,227,9,1,1,1,0,0,0,54,1,1,436.40674925953294
0.004,45,2026081004,250601779,200,6,1,1,1,0,0,0,74,1,1,380.32245145526366
0.004,46,2026081004,250601779,231,7,1,1,1,0,0,0,970,16,1,509.32241571515675
0.004,47,2026081004,250601779,235,8,1,1,1,0,0,0,227,4,1,472.4594978716562
0.004,48,2026081004,250601779,252,4,1,1,1,0,0,0,226,4,1,529.0745220555403
0.004,49,2026081004,250601779,231,6,1,1,1,0,0,0,2756,46,1,544.5289044667161
0.004,50,2026081004,250601779,201,5,1,1,1,0,0,0,73,1,1,414.2219649075728
0.004,51,2026081004,250601779,209,5,1,1,1,0,0,0,54,1,1,371.9091388615167
0.004,52,2026081004,250601779,211,8,1,1,1,0,0,0,52,1,1,470.86446789009267
0.004,53,2026081004,250601779,222,3,1,1,1,0,0,0,281,5,1,464.3709464973358
0.004,54,2026081004,250601779,265,7,1,1,1,0,0,0,79,1,1,447.58491254831006
0.004,55,2026081004,250601779,261,7,1,1,1,0,0,0,114,2,1,518.0990587814433
0.004,56,2026081004,250601779,146,5,1,1,1,0,0,0,217,4,1,316.0835120169468
0.004,57,2026081004,250601779,263,8,1,1,1,0,0,0,887,15,1,573.2975572393118
0.004,58,2026081004,250601779,149,3,1,1,1,0,0,0,232,4,1,325.1282658719954
0.004,59,2026081004,250601779,244,6,1,1,1,0,0,0,198,3,1,500.09222975008373
0.004,60,2026081004,250601779,258,5,1,1,1,0,0,0,340,6,1,522.6860004478166
0.004,61,2026081004,250601779,237,6,1,1,1,0,0,0,167,3,1,505.9751997320498
0.004,62,2026081004,250601779,255,7,1,1,1,0,0,0,1033,17,1,593.55312597653
0.004,63,2026081004,250601779,228,10,1,1,1,0,0,0,128,2,1,469.77317377192867
0.004,64,2026081004,250601779,185,3,1,1,1,0,0,0,47,1,1,330.44232794924585
0.004,65,2026081004,250601779,240,3,1,1,1,0,0,0,62,1,1,441.88960007897094
0.004,66,2026081004,250601779,244,3,1,1,1,0,0,0,237,4,1,537.6850404872116
0.004,67,2026081004,250601779,223,5,1,1,1,0,0,0,72,1,1,396.4524027915484
0.004,68,2026081004,250601779,231,6,1,1,1,0,0,0,46,1,1,405.08560733825357
0.004,69,2026081004,250601779,250,6,1,1,1,0,0,0,30,1,1,416.08178767270056
0.004,70,2026081004,250601779,268,7,1,1,1,0,0,0,179,3,1,576.5879700778678
0.004,71,2026081004,250601779,224,4,1,1,1,0,0,0,67,1,1,416.12332306412185
0.004,72,2026081004,250601779,191,10,1,1,1,0,0,0,61,1,1,368.1491183860288
0.004,73,2026081004,250601779,231,6,1,1,1,0,0,0,490,8,1,453.53148787578965
0.004,74,2026081004,250601779,249,6,1,1,1,0,0,0,828,14,1,537.0950219354936
0.004,75,2026081004,250601779,230,4,1,1,1,0,0,0,113,2,1,473.6558726672144
0.004,76,2026081004,250601779,212,6,1,1,1,0,0,0,189,3,1,443.68764387928843
0.004,77,2026081004,250601779,239,5,1,1,1,0,0,0,339,6,1,477.2552034280592
0.004,78,2026081004,250601779,260,8,1,1,1,0,0,0,530,9,1,569.2553062074894
0.004,79,2026081004,250601779,224,7,1,1,1,0,0,0,50,1,1,386.07855086630315
0.004,80,2026081004,250601779,209,7,1,1,1,0,0,0,48,1,1,397.6579692740625
0.004,81,2026081004,250601779,234,8,1,1,1,0,0,0,26,1,1,406.25807349658476
0.004,82,2026081004,250601779,200,7,1,1,1,0,0,0,112,2,1,427.5091411728175
0.004,83,2026081004,250601779,208,4,1,1,1,0,0,0,245,4,1,434.0584721547641
0.004,84,2026081004,250601779,278,6,1,1,1,0,0,0,136,2,1,602.5019385309606
0.004,85,2026081004,250601779,263,7,1,1,1,0,0,0,294,5,1,531.1948773335339
0.004,86,2026081004,250601779,284,4,1,1,1,0,0,0,379,6,1,595.2380986977666
0.004,87,2026081004,250601779,215,6,1,1,1,0,0,0,140,2,1,446.5497036538803
0.004,88,2026081004,250601779,221,3,1,1,1,0,0,0,125,2,1,427.67434135934485
0.004,89,2026081004,250601779,253,8,1,1,1,0,0,0,1540,26,1,531.8336943927022
0.004,90,2026081004,250601779,168,3,1,1,1,0,0,0,36,1,1,315.9928598236221
0.004,91,2026081004,250601779,282,5,1,1,1,0,0,0,1026,17,1,622.708232546277
0.004,92,2026081004,250601779,230,6,1,1,1,0,0,0,71,1,1,423.2729119158688
0.004,93,2026081004,250601779,258,5,1,1,1,0,0,0,70,1,1,509.9831758816864
0.004,94,2026081004,250601779,215,6,1,1,1,0,0,0,56,1,1,417.3684643878836
0.004,95,2026081004,250601779,229,5,1,1,1,0,0,0,175,3,1,420.2530496049899
0.004,96,2026081004,250601779,257,8,1,1,1,0,0,0,850,14,1,547.8974383680785
0.004,97,2026081004,250601779,197,5,1,1,1,0,0,0,27,1,1,378.0526410333886
0.004,98,2026081004,250601779,251,5,1,1,1,0,0,0,1323,22,1,526.865316634061
0.004,99,2026081004,250601779,199,6,1,1,1,0,0,0,274,5,1,437.73534577555085
0.004,100,2026081004,250601779,258,7,1,1,1,0,0,0,115,2,1,497.7785002211793
0.004,101,2026081004,250601779,252,7,1,1,1,0,0,0,232,4,1,555.8400828775885
0.004,102,2026081004,250601779,274,7,1,1,1,0,0,0,358,6,1,619.9179483080962
0.004,103,2026081004,250601779,256,7,1,1,1,0,0,0,1215,20,1,516.4744991953613
0.004,104,2026081004,250601779,285,6,1,1,1,0,0,0,5321,89,1,588.4900717996543
0.004,105,2026081004,250601779,210,5,1,1,1,0,0,0,197,3,1,445.7703277014804
0.004,106,2026081004,250601779,202,9,1,1,1,0,0,0,52,1,1,388.84620323279506
0.004,107,2026081004,250601779,266,6,1,1,1,0,0,0,1021,17,1,607.302209021477
0.004,108,2026081004,250601779,206,6,1,1,1,0,0,0,352,6,1,455.5666067172043
0.004,109,2026081004,250601779,241,9,1,1,1,0,0,0,119,2,1,525.2979971026198
0.004,110,2026081004,250601779,237,4,1,1,1,0,0,0,291,5,1,535.2667522656654
0.004,111,2026081004,250601779,217,7,1,1,1,0,0,0,669,11,1,457.7131813519918
0.004,112,2026081004,250601779,217,7,1,1,1,0,0,0,222,4,1,401.2761228022391
0.004,113,2026081004,250601779,292,6,1,1,1,0,0,0,2284,38,1,635.2855726008668
0.004,114,2026081004,250601779,249,6,1,1,1,0,0,0,63,1,1,498.58902083954194
0.004,115,2026081004,250601779,273,5,1,1,1,0,0,0,112,2,1,516.4714342106245
0.004,116,2026081004,250601779,216,7,1,1,1,0,0,0,702,12,1,408.7206237342746
0.004,117,2026081004,250601779,188,5,1,1,1,0,0,0,129,2,1,378.53631211340377
0.004,118,2026081004,250601779,244,4,1,1,1,0,0,0,655,11,1,531.6776879192001
0.004,119,2026081004,250601779,241,5,1,1,1,0,0,0,177,3,1,465.2354571649222
0.004,120,2026081004,250601779,248,6,1,1,1,0,0,0,54,1,1,434.60907560881503
0.004,121,2026081004,250601779,219,4,1,1,1,0,0,0,124,2,1,401.477825649445
0.004,122,2026081004,250601779,247,6,1,1,1,0,0,0,312,5,1,528.2917009547236
0.004,123,2026081004,250601779,314,5,1,1,1,0,0,0,410,7,1,622.9180894891649
0.004,124,2026081004,250601779,270,7,1,1,1,0,0,0,911,15,1,584.8840254233705
0.004,125,2026081004,250601779,232,9,1,1,1,0,0,0,106,2,1,453.4643852617434
0.004,126,2026081004,250601779,277,2,1,1,1,0,0,0,2653,44,1,616.6311991741695
0.004,127,2026081004,250601779,230,9,1,1,1,0,0,0,51,1,1,386.53569987503624
0.004,128,2026081004,250601779,270,5,1,1,1,0,0,0,1392,23,1,560.5736385374435
0.004,129,2026081004,250601779,217,3,1,1,1,0,0,0,50,1,1,397.1112502071279
0.004,130,2026081004,250601779,227,7,1,1,1,0,0,0,38,1,1,391.41888377542193
0.004,131,2026081004,250601779,237,4,1,1,1,0,0,0,50,1,1,434.17517109810126
0.004,132,2026081004,250601779,224,5,1,1,1,0,0,0,591,10,1,499.9737407661713
0.004,133,2026081004,250601779,217,6,1,1,1,0,0,0,106,2,1,395.2343959842421
0.004,134,2026081004,250601779,282,4,1,1,1,0,0,0,602,10,1,602.2280382215669
0.004,135,2026081004,250601779,280,6,1,1,1,0,0,0,1871,31,1,603.7861035916544
0.004,136,2026081004,250601779,266,5,1,1,1,0,0,0,434,7,1,563.536410402183
0.004,137,2026081004,250601779,216,3,1,1,1,0,0,0,121,2,1,399.9604412119508
0.004,138,2026081004,250601779,224,6,1,1,1,0,0,0,51,1,1,389.9644952657623
0.004,139,2026081004,250601779,201,6,1,1,1,0,0,0,107,2,1,405.55555421445706
0.004,140,2026081004,250601779,206,6,1,1,1,0,0,0,42,1,1,389.25031910050143
0.004,141,2026081004,250601779,192,9,1,1,1,0,0,0,166,3,1,393.5841821996917
0.004,142,2026081004,250601779,290,6,1,1,1,0,0,0,5934,99,1,618.6843377244304
0.004,143,2026081004,250601779,240,6,1,1,1,0,0,0,196,3,1,508.3329995856557
0.004,144,2026081004,250601779,270,5,1,1,1,0,0,0,78,1,1,451.1282422193823
0.004,145,2026081004,250601779,179,6,1,1,1,0,0,0,161,3,1,373.93674202557645
0.004,146,2026081004,250601779,188,3,1,1,1,0,0,0,37,1,1,365.1877214605633
0.004,147,2026081004,250601779,234,6,1,1,1,0,0,0,54,1,1,434.6791990705252
0.004,148,2026081004,250601779,199,7,1,1,1,0,0,0,160,3,1,405.367888057291
0.004,149,2026081004,250601779,225,8,1,1,1,0,0,0,180,3,1,479.25474775788143
0.004,150,2026081004,250601779,267,6,1,1,1,0,0,0,1303,22,1,542.2332926799356
0.004,151,2026081004,250601779,229,5,1,1,1,0,0,0,409,7,1,508.87252993967877
0.004,152,2026081004,250601779,254,3,1,1,1,0,0,0,596,10,1,521.9844350949943
0.004,153,2026081004,250601779,190,6,1,1,1,0,0,0,49,1,1,337.8316965048741
0.004,154,2026081004,250601779,277,6,1,1,1,0,0,0,1632,27,1,629.759854766404
0.004,155,2026081004,250601779,279,7,1,1,1,0,0,0,424,7,1,572.6444186090998
0.004,156,2026081004,250601779,241,2,1,1,1,0,0,0,255,4,1,517.4267224082374
0.004,157,2026081004,250601779,245,5,1,1,1,0,0,0,79,1,1,470.9631522812891
0.004,158,2026081004,250601779,229,5,1,1,1,0,0,0,71,1,1,401.7492422927136
0.004,159,2026081004,250601779,215,2,1,1,1,0,0,0,354,6,1,463.80583358079843
0.004,160,2026081004,250601779,206,5,1,1,1,0,0,0,47,1,1,398.06723744784244
0.004,161,2026081004,250601779,250,5,1,1,1,0,0,0,342,6,1,520.5291706259403
0.004,162,2026081004,250601779,239,6,1,1,1,0,0,0,340,6,1,471.53700365071734
0.004,163,2026081004,250601779,280,7,1,1,1,0,0,0,175,3,1,524.4615879692267
0.004,164,2026081004,250601779,196,7,1,1,1,0,0,0,215,4,1,398.1010379524449
0.004,165,2026081004,250601779,189,5,1,1,1,0,0,0,43,1,1,330.4306188486045
0.004,166,2026081004,250601779,207,7,1,1,1,0,0,0,294,5,1,453.8996029761531
0.004,167,2026081004,250601779,250,7,1,1,1,0,0,0,306,5,1,515.330340637374
0.004,168,2026081004,250601779,232,7,1,1,1,0,0,0,1434,24,1,515.9221475998339
0.004,169,2026081004,250601779,265,6,1,1,1,0,0,0,702,12,1,541.686633421807
0.004,170,2026081004,250601779,256,6,1,1,1,0,0,0,173,3,1,548.9962555762166
0.004,171,2026081004,250601779,222,7,1,1,1,0,0,0,27,1,1,390.49778796483315
0.004,172,2026081004,250601779,201,5,1,1,1,0,0,0,63,1,1,354.81263382021336
0.004,173,2026081004,250601779,244,8,1,1,1,0,0,0,129,2,1,509.6504107992142
0.004,174,2026081004,250601779,223,5,1,1,1,0,0,0,170,3,1,441.1354993457984
0.004,175,2026081004,250601779,164,3,1,1,1,0,0,0,40,1,1,310.41167356834626
0.004,176,2026081004,250601779,198,6,1,1,1,0,0,0,68,1,1,316.4426544103882
0.004,177,2026081004,250601779,253,6,1,1,1,0,0,0,1080,18,1,536.9892926605914
0.004,178,2026081004,250601779,182,6,1,1,1,0,0,0,273,5,1,348.1401393391122
0.004,179,2026081004,250601779,241,6,1,1,1,0,0,0,72,1,1,427.83736104697425
0.004,180,2026081004,250601779,184,3,1,1,1,0,0,0,35,1,1,372.1646408338103
0.004,181,2026081004,250601779,256,7,1,1,1,0,0,0,48,1,1,416.67233312085244
0.004,182,2026081004,250601779,235,5,1,1,1,0,0,0,138,2,1,493.8896018172577
0.004,183,2026081004,250601779,278,6,1,1,1,0,0,0,953,16,1,604.6656604316032
0.004,184,2026081004,250601779,205,4,1,1,1,0,0,0,47,1,1,416.93027649885966
0.004,185,2026081004,250601779,231,5,1,1,1,0,0,0,74,1,1,416.3024213796232
0.004,186,2026081004,250601779,238,4,1,1,1,0,0,0,66,1,1,447.8584717870091
0.004,187,2026081004,250601779,252,5,1,1,1,0,0,0,114,2,1,505.08869143409146
0.004,188,2026081004,250601779,180,7,1,1,1,0,0,0,157,3,1,343.61140570466114
0.004,189,2026081004,250601779,249,4,1,1,1,0,0,0,413,7,1,564.3289114056283
0.004,190,2026081004,250601779,255,5,1,1,1,0,0,0,226,4,1,558.8144377845541
0.004,191,2026081004,250601779,230,6,1,1,1,0,0,0,279,5,1,453.63892126014946
0.004,192,2026081004,250601779,301,6,1,1,1,0,0,0,292,5,1,606.7699465790142
0.004,193,2026081004,250601779,205,6,1,1,1,0,0,0,368,6,1,480.9750538664813
0.004,194,2026081004,250601779,196,5,1,1,1,0,0,0,132,2,1,398.09078908800547
0.004,195,2026081004,250601779,216,4,1,1,1,0,0,0,71,1,1,405.89900103175364
0.004,196,2026081004,250601779,208,5,1,1,1,0,0,0,42,1,1,381.3396983525888
0.004,197,2026081004,250601779,226,6,1,1,1,0,0,0,67,1,1,390.8245480392733
0.004,198,2026081004,250601779,261,8,1,1,1,0,0,0,66,1,1,462.2637201007965
0.004,199,2026081004,250601779,279,6,1,1,1,0,0,0,957,16,1,588.138828458623
0.004,200,2026081004,250601779,223,4,1,1,1,0,0,0,48,1,1,421.4045230830943
0.004,201,2026081004,250601779,240,7,1,1,1,0,0,0,184,3,1,500.3494019029649
0.004,202,2026081004,250601779,247,9,1,1,1,0,0,0,2514,42,1,587.1172142480829
0.004,203,2026081004,250601779,210,7,1,1,1,0,0,0,21,1,1,374.3936360884751
0.004,204,2026081004,250601779,263,5,1,1,1,0,0,0,170,3,1,474.5363447812151
0.004,205,2026081004,250601779,230,8,1,1,1,0,0,0,190,3,1,511.44158792594044
0.004,206,2026081004,250601779,244,4,1,1,1,0,0,0,157,3,1,472.3210301522879
0.004,207,2026081004,250601779,243,5,1,1,1,0,0,0,410,7,1,510.1191836090244
0.004,208,2026081004,250601779,196,6,1,1,1,0,0,0,54,1,1,408.76040014804164
0.004,209,2026081004,250601779,175,6,1,1,1,0,0,0,341,6,1,353.8870581983664
0.004,210,2026081004,250601779,257,6,1,1,1,0,0,0,179,3,1,508.5998923463769
0.004,211,2026081004,250601779,233,7,1,1,1,0,0,0,1082,18,1,516.5434232397486
0.004,212,2026081004,250601779,208,5,1,1,1,0,0,0,52,1,1,362.7179208894046
0.004,213,2026081004,250601779,230,5,1,1,1,0,0,0,1126,19,1,508.3825892492132
0.004,214,2026081004,250601779,278,9,1,1,1,0,0,0,49,1,1,524.4893701153517
0.004,215,2026081004,250601779,214,7,1,1,1,0,0,0,127,2,1,404.62986972551914
0.004,216,2026081004,250601779,186,6,1,1,1,0,0,0,34,1,1,323.4426795601003
0.004,217,2026081004,250601779,194,4,1,1,1,0,0,0,48,1,1,354.3408371962624
0.004,218,2026081004,250601779,182,6,1,1,1,0,0,0,43,1,1,393.7253073609436
0.004,219,2026081004,250601779,284,4,1,1,1,0,0,0,225,4,1,609.1975444994883
0.004,220,2026081004,250601779,227,6,1,1,1,0,0,0,101,2,1,444.3572842602478
0.004,221,2026081004,250601779,246,8,1,1,1,0,0,0,108,2,1,437.8337812315465
0.004,222,2026081004,250601779,201,4,1,1,1,0,0,0,34,1,1,378.71981187235315
0.004,223,2026081004,250601779,209,6,1,1,1,0,0,0,159,3,1,407.20722824446125
0.004,224,2026081004,250601779,238,4,1,1,1,0,0,0,46,1,1,418.3314775610812
0.004,225,2026081004,250601779,219,6,1,1,1,0,0,0,1089,18,1,490.3044821616213
0.004,226,2026081004,250601779,216,8,1,1,1,0,0,0,73,1,1,351.5080302876685
0.004,227,2026081004,250601779,293,5,1,1,1,0,0,0,841,14,1,613.6244440827334
0.004,228,2026081004,250601779,204,6,1,1,1,0,0,0,299,5,1,472.57478958602087
0.004,229,2026081004,250601779,211,5,1,1,1,0,0,0,78,1,1,415.6154840846282
0.004,230,2026081004,250601779,317,5,1,1,1,0,0,0,1551,26,1,657.8305946572291
0.004,231,2026081004,250601779,232,6,1,1,1,0,0,0,245,4,1,475.4204445251544
0.004,232,2026081004,250601779,212,6,1,1,1,0,0,0,51,1,1,380.1689132922859
0.004,233,2026081004,250601779,252,4,1,1,1,0,0,0,60,1,1,461.76974623468806
0.004,234,2026081004,250601779,252,8,1,1,1,0,0,0,62,1,1,486.7906389574571
0.004,235,2026081004,250601779,304,9,1,1,1,0,0,0,900,15,1,672.5036948864145
0.004,236,2026081004,250601779,214,9,1,1,1,0,0,0,1241,21,1,469.24161270456756
0.004,237,2026081004,250601779,246,6,1,1,1,0,0,0,2167,36,1,544.1651044376955
0.004,238,2026081004,250601779,246,9,1,1,1,0,0,0,185,3,1,572.4919733880498
0.004,239,2026081004,250601779,249,6,1,1,1,0,0,0,9416,157,1,597.9922628140731
0.004,240,2026081004,250601779,222,2,1,1,1,0,0,0,214,4,1,413.4432268853998
0.004,241,2026081004,250601779,215,8,1,1,1,0,0,0,434,7,1,481.05360485695473
0.004,242,2026081004,250601779,205,6,1,1,1,0,0,0,160,3,1,425.9647407193095
0.004,243,2026081004,250601779,210,9,1,1,1,0,0,0,243,4,1,415.56421255946157
0.004,244,2026081004,250601779,211,7,1,1,1,0,0,0,65,1,1,367.56778772134345
0.004,245,2026081004,250601779,222,5,1,1,1,0,0,0,118,2,1,446.77442403237615
0.004,246,2026081004,250601779,233,5,1,1,1,0,0,0,47,1,1,431.60444752143906
0.004,247,2026081004,250601779,246,7,1,1,1,0,0,0,117,2,1,494.1913946212835
0.004,248,2026081004,250601779,241,8,1,1,1,0,0,0,48,1,1,453.2783226827999
0.004,249,2026081004,250601779,308,6,1,1,1,0,0,0,13430,224,1,600.4496802129265
0.004,250,2026081004,250601779,214,3,1,1,1,0,0,0,160,3,1,429.6651681582565
0.004,251,2026081004,250601779,215,8,1,1,1,0,0,0,76,1,1,403.75259844698
0.004,252,2026081004,250601779,214,10,1,1,1,0,0,0,597,10,1,454.3454481329867
0.004,253,2026081004,250601779,217,3,1,1,1,0,0,0,44,1,1,419.6689231154961
0.004,254,2026081004,250601779,235,6,1,1,1,0,0,0,618,10,1,502.6202698832258
0.004,255,2026081004,250601779,219,6,1,1,1,0,0,0,1340,22,1,452.5000382700075
0.005,0,2026081005,250601779,276,8,1,1,1,0,0,0,130,2,1,535.4101759810333
0.005,1,2026081005,250601779,278,5,1,1,1,0,0,0,1561,26,1,617.5841616011546
0.005,2,2026081005,250601779,294,4,1,1,1,0,0,0,614,10,1,561.0946511807248
0.005,3,2026081005,250601779,294,5,1,1,1,0,0,0,9541,159,1,641.4672319487615
0.005,4,2026081005,250601779,299,6,1,1,1,0,0,0,1430,24,1,613.8459504086259
0.005,5,2026081005,250601779,277,3,1,1,1,0,0,0,5526,92,1,581.9930238751895
0.005,6,2026081005,250601779,285,8,1,1,1,0,0,0,8035,134,1,577.5768555373361
0.005,7,2026081005,250601779,284,8,1,1,1,0,0,0,1012,17,1,579.4883545213733
0.005,8,2026081005,250601779,235,4,1,1,1,0,0,0,50,1,1,518.3588037464165
0.005,9,2026081005,250601779,262,7,1,1,1,0,0,0,2402,40,1,562.1963992191993
0.005,10,2026081005,250601779,301,6,1,1,1,0,0,0,227,4,1,605.3109988461094
0.005,11,2026081005,250601779,323,4,1,1,1,0,0,0,123,2,1,600.95647323354
0.005,12,2026081005,250601779,291,6,1,1,1,0,0,0,136,2,1,572.54782995951
0.005,13,2026081005,250601779,366,5,0,0,0,0,1,6,18080,301,0,
0.005,14,2026081005,250601779,269,5,1,1,1,0,0,0,194,3,1,534.8263748279292
0.005,15,2026081005,250601779,272,7,1,1,1,0,0,0,258,4,1,562.5012605820459
0.005,16,2026081005,250601779,245,3,1,1,1,0,0,0,47,1,1,438.07774410417886
0.005,17,2026081005,250601779,296,6,1,1,1,0,0,0,77,1,1,502.4603996521391
0.005,18,2026081005,250601779,285,8,1,1,1,0,0,0,1624,27,1,640.8534794346417
0.005,19,2026081005,250601779,285,8,1,1,1,0,0,0,2701,45,1,588.4574519257225
0.005,20,2026081005,250601779,267,4,1,1,1,0,0,0,110,2,1,496.3824139682055
0.005,21,2026081005,250601779,270,8,1,1,1,0,0,0,16195,270,1,553.063784307165
0.005,22,2026081005,250601779,295,7,1,1,1,0,0,0,291,5,1,604.7874034939321
0.005,23,2026081005,250601779,287,4,1,1,1,0,0,0,452,8,1,571.8796609425674
0.005,24,2026081005,250601779,299,8,1,1,1,0,0,0,126,2,1,619.6742850163579
0.005,25,2026081005,250601779,251,10,1,1,1,0,0,0,1322,22,1,570.3421251030015
0.005,26,2026081005,250601779,282,6,1,1,1,0,0,0,530,9,1,614.4671031249309
0.005,27,2026081005,250601779,301,7,1,1,1,0,0,0,2445,41,1,651.5026529545437
0.005,28,2026081005,250601779,286,7,1,1,1,0,0,0,301,5,1,527.4481190263988
0.005,29,2026081005,250601779,296,5,1,1,1,0,0,0,49,1,1,501.29713540909756
0.005,30,2026081005,250601779,251,5,1,1,1,0,0,0,170,3,1,488.34466022067494
0.005,31,2026081005,250601779,299,7,0,0,0,0,1,6,18080,301,0,
0.005,32,2026081005,250601779,297,7,1,1,1,0,0,0,63,1,1,550.069275829172
0.005,33,2026081005,250601779,257,5,0,0,0,0,1,9,18080,301,0,
0.005,34,2026081005,250601779,224,6,1,1,1,0,0,0,57,1,1,371.63483113812174
0.005,35,2026081005,250601779,308,7,1,1,1,0,0,0,1219,20,1,689.2005003053257
0.005,36,2026081005,250601779,299,5,0,0,0,0,1,5,18080,301,0,
0.005,37,2026081005,250601779,322,5,1,1,1,0,0,0,3366,56,1,667.506080487979
0.005,38,2026081005,250601779,286,8,1,1,1,0,0,0,484,8,1,611.709691881362
0.005,39,2026081005,250601779,289,6,1,1,1,0,0,0,1071,18,1,577.0049707358211
0.005,40,2026081005,250601779,281,8,1,1,1,0,0,0,179,3,1,594.965575260127
0.005,41,2026081005,250601779,251,7,1,1,1,0,0,0,306,5,1,531.5092584656256
0.005,42,2026081005,250601779,263,7,1,1,1,0,0,0,406,7,1,538.5881135363916
0.005,43,2026081005,250601779,327,5,0,0,0,0,1,4,18080,301,0,
0.005,44,2026081005,250601779,274,7,1,1,1,0,0,0,581,10,1,542.9934586289985
0.005,45,2026081005,250601779,306,3,1,1,1,0,0,0,1177,20,1,606.3883786728596
0.005,46,2026081005,250601779,282,7,1,1,1,0,0,0,1736,29,1,610.0352131029484
0.005,47,2026081005,250601779,284,8,1,1,1,0,0,0,2146,36,1,580.0328950493681
0.005,48,2026081005,250601779,312,8,1,1,1,0,0,0,2216,37,1,647.8224804550873
0.005,49,2026081005,250601779,278,4,0,0,0,0,1,6,18080,301,0,
0.005,50,2026081005,250601779,292,7,1,1,1,0,0,0,4695,78,1,615.8177447066291
0.005,51,2026081005,250601779,316,5,1,1,1,0,0,0,12260,204,1,669.0209028689984
0.005,52,2026081005,250601779,232,5,1,1,1,0,0,0,111,2,1,458.91086841685546
0.005,53,2026081005,250601779,256,7,1,1,1,0,0,0,1625,27,1,569.8793325546084
0.005,54,2026081005,250601779,269,10,1,1,1,0,0,0,245,4,1,530.674351150321
0.005,55,2026081005,250601779,239,3,1,1,1,0,0,0,23,1,1,490.46099735929664
0.005,56,2026081005,250601779,278,2,1,1,1,0,0,0,60,1,1,484.6311791709874
0.005,57,2026081005,250601779,282,7,1,1,1,0,0,0,1087,18,1,620.7886283423838
0.005,58,2026081005,250601779,222,6,1,1,1,0,0,0,63,1,1,406.1448208775322
0.005,59,2026081005,250601779,292,6,1,1,1,0,0,0,424,7,1,632.2981663178634
0.005,60,2026081005,250601779,299,6,0,0,0,0,1,1,18080,301,0,
0.005,61,2026081005,250601779,240,3,1,1,1,0,0,0,237,4,1,474.3751578682337
0.005,62,2026081005,250601779,298,3,1,1,1,0,0,0,60,1,1,524.918767314123
0.005,63,2026081005,250601779,366,7,1,1,1,0,0,0,1155,19,1,757.9813303533351
0.005,64,2026081005,250601779,228,5,1,1,1,0,0,0,102,2,1,446.98620699305167
0.005,65,2026081005,250601779,220,7,1,1,1,0,0,0,951,16,1,476.154586157022
0.005,66,2026081005,250601779,227,5,1,1,1,0,0,0,57,1,1,423.2888796823259
0.005,67,2026081005,250601779,295,7,1,1,1,0,0,0,244,4,1,609.6186453250145
0.005,68,2026081005,250601779,289,8,1,1,1,0,0,0,125,2,1,585.4749756069754
0.005,69,2026081005,250601779,262,4,1,1,1,0,0,0,947,16,1,547.7132624825908
0.005,70,2026081005,250601779,240,4,1,1,1,0,0,0,97,2,1,445.7834780904336
0.005,71,2026081005,250601779,252,7,1,1,1,0,0,0,306,5,1,460.2744134181474
0.005,72,2026081005,250601779,265,4,1,1,1,0,0,0,1555,26,1,519.9927982323513
0.005,73,2026081005,250601779,272,5,1,1,1,0,0,0,128,2,1,548.9334987932534
0.005,74,2026081005,250601779,283,4,1,1,1,0,0,0,2094,35,1,601.279251294442
0.005,75,2026081005,250601779,270,8,1,1,1,0,0,0,537,9,1,578.7255298111008
0.005,76,2026081005,250601779,268,8,1,1,1,0,0,0,533,9,1,552.4872383850096
0.005,77,2026081005,250601779,234,3,1,1,1,0,0,0,169,3,1,453.41561504960816
0.005,78,2026081005,250601779,286,5,1,1,1,0,0,0,6894,115,1,564.8815000617302
0.005,79,2026081005,250601779,242,7,1,1,1,0,0,0,48,1,1,432.56297250765226
0.005,80,2026081005,250601779,338,5,1,1,1,0,0,0,11704,195,1,747.693245098877
0.005,81,2026081005,250601779,290,4,1,1,1,0,0,0,72,1,1,531.9332164090051
0.005,82,2026081005,250601779,308,7,1,1,1,0,0,0,1567,26,1,652.1837210036952
0.005,83,2026081005,250601779,295,6,1,1,1,0,0,0,834,14,1,660.7071065032237
0.005,84,2026081005,250601779,279,7,1,1,1,0,0,0,6137,102,1,591.1925176434472
0.005,85,2026081005,250601779,280,7,1,1,1,0,0,0,2558,43,1,602.8307225033557
0.005,86,2026081005,250601779,300,3,1,1,1,0,0,0,1446,24,1,637.3202255185183
0.005,87,2026081005,250601779,246,6,1,1,1,0,0,0,172,3,1,431.045217075992
0.005,88,2026081005,250601779,253,4,1,1,1,0,0,0,342,6,1,510.2991639552277
0.005,89,2026081005,250601779,312,4,1,1,1,0,0,0,832,14,1,640.074927836609
0.005,90,2026081005,250601779,267,8,1,1,1,0,0,0,1151,19,1,561.1191145347631
0.005,91,2026081005,250601779,249,5,1,1,1,0,0,0,468,8,1,485.0586645986158
0.005,92,2026081005,250601779,289,6,1,1,1,0,0,0,1276,21,1,594.4896851959234
0.005,93,2026081005,250601779,251,6,1,1,1,0,0,0,113,2,1,453.726315458406
0.005,94,2026081005,250601779,237,8,1,1,1,0,0,0,946,16,1,507.75076572351554
0.005,95,2026081005,250601779,271,5,1,1,1,0,0,0,14347,239,1,590.1210203433814
0.005,96,2026081005,250601779,309,6,1,1,1,0,0,0,57,1,1,487.68507886337045
0.005,97,2026081005,250601779,279,6,1,1,1,0,0,0,75,1,1,478.90843724972444
0.005,98,2026081005,250601779,296,7,1,1,1,0,0,0,65,1,1,500.40773985607643
0.005,99,2026081005,250601779,195,4,1,1,1,0,0,0,47,1,1,357.78484901883496
0.005,100,2026081005,250601779,227,9,1,1,1,0,0,0,50,1,1,411.71716983422607
0.005,101,2026081005,250601779,318,7,1,1,1,0,0,0,3235,54,1,643.0321250685653
0.005,102,2026081005,250601779,299,6,1,1,1,0,0,0,80,1,1,520.6411626340482
0.005,103,2026081005,250601779,208,6,1,1,1,0,0,0,904,15,1,440.1866122270602
0.005,104,2026081005,250601779,289,5,1,1,1,0,0,0,70,1,1,490.24122047188814
0.005,105,2026081005,250601779,251,5,1,1,1,0,0,0,830,14,1,572.2748768495553
0.005,106,2026081005,250601779,229,7,1,1,1,0,0,0,46,1,1,449.4358629407627
0.005,107,2026081005,250601779,287,5,1,1,1,0,0,0,479,8,1,575.7366423926275
0.005,108,2026081005,250601779,309,5,0,0,0,0,1,3,18080,301,0,
0.005,109,2026081005,250601779,242,5,1,1,1,0,0,0,132,2,1,453.1940431042407
0.005,110,2026081005,250601779,258,4,1,1,1,0,0,0,53,1,1,461.9261942468411
0.005,111,2026081005,250601779,330,5,1,1,1,0,0,0,76,1,1,545.5969304436273
0.005,112,2026081005,250601779,277,7,1,1,1,0,0,0,528,9,1,544.8331168553792
0.005,113,2026081005,250601779,265,2,1,1,1,0,0,0,771,13,1,564.2076901100966
0.005,114,2026081005,250601779,272,3,0,0,0,0,1,2,18080,301,0,
0.005,115,2026081005,250601779,241,7,1,1,1,0,0,0,1361,23,1,581.1342768970723
0.005,116,2026081005,250601779,232,5,1,1,1,0,0,0,309,5,1,488.1787039530135
0.005,117,2026081005,250601779,263,7,1,1,1,0,0,0,179,3,1,452.7324719407063
0.005,118,2026081005,250601779,288,6,1,1,1,0,0,0,132,2,1,564.4351289287381
0.005,119,2026081005,250601779,275,6,1,1,1,0,0,0,3673,61,1,590.7257562630596
0.005,120,2026081005,250601779,294,9,1,1,1,0,0,0,348,6,1,552.861541839445
0.005,121,2026081005,250601779,244,6,1,1,1,0,0,0,112,2,1,508.97714822900053
0.005,122,2026081005,250601779,262,7,1,1,1,0,0,0,3959,66,1,548.3197201671791
0.005,123,2026081005,250601779,306,6,1,1,1,0,0,0,883,15,1,642.6873223891439
0.005,124,2026081005,250601779,292,6,1,1,1,0,0,0,303,5,1,598.4030853822187
0.005,125,2026081005,250601779,277,6,0,1,0,0,1,0,18080,301,0,
0.005,126,2026081005,250601779,232,7,1,1,1,0,0,0,79,1,1,441.2261439041114
0.005,127,2026081005,250601779,261,6,1,1,1,0,0,0,55,1,1,471.6202908843876
0.005,128,2026081005,250601779,276,4,1,1,1,0,0,0,1537,26,1,555.8074064652019
0.005,129,2026081005,250601779,239,8,1,1,1,0,0,0,39,1,1,429.72087578946514
0.005,130,2026081005,250601779,292,5,1,1,1,0,0,0,2655,44,1,569.8596050744017
0.005,131,2026081005,250601779,301,9,0,0,0,0,1,8,18080,301,0,
0.005,132,2026081005,250601779,337,8,1,1,1,0,0,0,1327,22,1,677.8958863859618
0.005,133,2026081005,250601779,266,4,1,1,1,0,0,0,317,5,1,557.8020103691465
0.005,134,2026081005,250601779,291,5,1,1,1,0,0,0,2524,42,1,707.5786816625654
0.005,135,2026081005,250601779,246,7,1,1,1,0,0,0,353,6,1,521.6073482266975
0.005,136,2026081005,250601779,284,5,1,1,1,0,0,0,548,9,1,557.0001540184355
0.005,137,2026081005,250601779,328,5,0,0,0,0,1,5,18080,301,0,
0.005,138,2026081005,250601779,280,8,1,1,1,0,0,0,2660,44,1,579.1248905139303
0.005,139,2026081005,250601779,281,6,1,1,1,0,0,0,80,1,1,523.8326227862623
0.005,140,2026081005,250601779,277,5,1,1,1,0,0,0,1435,24,1,600.8212030013088
0.005,141,2026081005,250601779,279,7,1,1,1,0,0,0,1009,17,1,590.3485926676966
0.005,142,2026081005,250601779,316,5,1,1,1,0,0,0,1396,23,1,671.9722443528303
0.005,143,2026081005,250601779,279,6,1,1,1,0,0,0,499,8,1,551.1087763384942
0.005,144,2026081005,250601779,282,2,1,1,1,0,0,0,126,2,1,587.0454337472213
0.005,145,2026081005,250601779,257,8,1,1,1,0,0,0,337,6,1,490.1992060099407
0.005,146,2026081005,250601779,285,5,1,1,1,0,0,0,113,2,1,536.4170954301177
0.005,147,2026081005,250601779,320,7,0,0,0,0,1,5,18080,301,0,
0.005,148,2026081005,250601779,271,5,1,1,1,0,0,0,1812,30,1,609.6499003125111
0.005,149,2026081005,250601779,270,5,1,1,1,0,0,0,71,1,1,502.0049189524041
0.005,150,2026081005,250601779,256,7,1,1,1,0,0,0,482,8,1,542.0785555717728
0.005,151,2026081005,250601779,315,7,1,1,1,0,0,0,3727,62,1,653.4880336384806
0.005,152,2026081005,250601779,315,6,1,1,1,0,0,0,608,10,1,587.0417371311548
0.005,153,2026081005,250601779,299,8,1,1,1,0,0,0,764,13,1,636.5548090205643
0.005,154,2026081005,250601779,313,6,1,1,1,0,0,0,2038,34,1,620.7825248184671
0.005,155,2026081005,250601779,286,6,1,1,1,0,0,0,558,9,1,564.1238159191821
0.005,156,2026081005,250601779,301,6,1,1,1,0,0,0,364,6,1,638.3810138761581
0.005,157,2026081005,250601779,295,5,1,1,1,0,0,0,287,5,1,631.4691181227796
0.005,158,2026081005,250601779,239,7,1,1,1,0,0,0,412,7,1,489.89357324882974
0.005,159,2026081005,250601779,293,5,1,1,1,0,0,0,5820,97,1,635.1537223390644
0.005,160,2026081005,250601779,272,6,1,1,1,0,0,0,16217,270,1,628.1884796491676
0.005,161,2026081005,250601779,296,5,1,1,1,0,0,0,5380,90,1,590.5415577967019
0.005,162,2026081005,250601779,255,4,1,1,1,0,0,0,2097,35,1,545.5268758889667
0.005,163,2026081005,250601779,282,7,0,0,0,0,1,7,18080,301,0,
0.005,164,2026081005,250601779,318,7,0,0,0,0,1,6,18080,301,0,
0.005,165,2026081005,250601779,301,6,1,1,1,0,0,0,12354,206,1,646.6515909526576
0.005,166,2026081005,250601779,302,6,1,1,1,0,0,0,916,15,1,651.8036984760586
0.005,167,2026081005,250601779,255,2,1,1,1,0,0,0,130,2,1,517.7983795029025
0.005,168,2026081005,250601779,263,5,1,1,1,0,0,0,228,4,1,512.391882833395
0.005,169,2026081005,250601779,246,6,1,1,1,0,0,0,291,5,1,497.8945767020018
0.005,170,2026081005,250601779,265,8,1,1,1,0,0,0,54,1,1,521.0338109382049
0.005,171,2026081005,250601779,265,8,1,1,1,0,0,0,69,1,1,473.47133201425453
0.005,172,2026081005,250601779,268,4,1,1,1,0,0,0,342,6,1,532.1748953158948
0.005,173,2026081005,250601779,285,7,1,1,1,0,0,0,348,6,1,611.1680824005465
0.005,174,2026081005,250601779,327,10,1,1,1,0,0,0,14775,246,1,701.3949498446352
0.005,175,2026081005,250601779,268,3,1,1,1,0,0,0,182,3,1,556.9536920796936
0.005,176,2026081005,250601779,310,8,1,1,1,0,0,0,665,11,1,629.979874783313
0.005,177,2026081005,250601779,295,3,1,1,1,0,0,0,311,5,1,668.5833542203546
0.005,178,2026081005,250601779,196,6,1,1,1,0,0,0,434,7,1,370.61237316040035
0.005,179,2026081005,250601779,291,6,1,1,1,0,0,0,732,12,1,595.8245734250597
0.005,180,2026081005,250601779,254,6,1,1,1,0,0,0,8897,148,1,598.3854272547328
0.005,181,2026081005,250601779,268,3,1,1,1,0,0,0,1380,23,1,549.208697563737
0.005,182,2026081005,250601779,242,9,1,1,1,0,0,0,253,4,1,496.61315988628917
0.005,183,2026081005,250601779,263,6,1,1,1,0,0,0,108,2,1,492.35141616309346
0.005,184,2026081005,250601779,296,6,1,1,1,0,0,0,1307,22,1,633.5422689609568
0.005,185,2026081005,250601779,310,9,0,0,0,0,1,8,18080,301,0,
0.005,186,2026081005,250601779,276,5,1,1,1,0,0,0,48,1,1,536.3085227684637
0.005,187,2026081005,250601779,365,5,1,1,1,0,0,0,1124,19,1,713.4747725545462
0.005,188,2026081005,250601779,280,5,1,1,1,0,0,0,3224,54,1,549.3784294248937
0.005,189,2026081005,250601779,306,7,1,1,1,0,0,0,2584,43,1,656.778154785728
0.005,190,2026081005,250601779,267,5,1,1,1,0,0,0,169,3,1,514.5445616204106
0.005,191,2026081005,250601779,271,7,1,1,1,0,0,0,70,1,1,460.51454320473727
0.005,192,2026081005,250601779,274,8,1,1,1,0,0,0,912,15,1,594.4803270646333
0.005,193,2026081005,250601779,311,7,1,1,1,0,0,0,1968,33,1,608.8432647320631
0.005,194,2026081005,250601779,294,7,1,1,1,0,0,0,3718,62,1,623.5721507756402
0.005,195,2026081005,250601779,280,6,1,1,1,0,0,0,2586,43,1,571.8278629687618
0.005,196,2026081005,250601779,308,8,1,1,1,0,0,0,5476,91,1,668.2234963690647
0.005,197,2026081005,250601779,310,4,1,1,1,0,0,0,6412,107,1,663.2381303670395
0.005,198,2026081005,250601779,287,4,1,1,1,0,0,0,2275,38,1,644.8281135264375
0.005,199,2026081005,250601779,271,6,1,1,1,0,0,0,1878,31,1,581.9693477015592
0.005,200,2026081005,250601779,356,9,1,1,1,0,0,0,5397,90,1,759.5505487284954
0.005,201,2026081005,250601779,241,6,1,1,1,0,0,0,130,2,1,483.99545960479355
0.005,202,2026081005,250601779,236,4,1,1,1,0,0,0,360,6,1,506.7846347515679
0.005,203,2026081005,250601779,260,7,1,1,1,0,0,0,487,8,1,599.1387039405923
0.005,204,2026081005,250601779,267,4,1,1,1,0,0,0,79,1,1,450.97667359607203
0.005,205,2026081005,250601779,248,5,1,1,1,0,0,0,57,1,1,446.1103781369774
0.005,206,2026081005,250601779,294,6,0,0,0,0,1,6,18080,301,0,
0.005,207,2026081005,250601779,277,6,1,1,1,0,0,0,1939,32,1,564.827987080834
0.005,208,2026081005,250601779,268,6,1,1,1,0,0,0,240,4,1,535.5217660213052
0.005,209,2026081005,250601779,316,6,1,1,1,0,0,0,831,14,1,655.9512388710849
0.005,210,2026081005,250601779,288,5,1,1,1,0,0,0,2267,38,1,603.2701247505022
0.005,211,2026081005,250601779,238,7,1,1,1,0,0,0,31,1,1,400.8490058970383
0.005,212,2026081005,250601779,230,6,1,1,1,0,0,0,221,4,1,439.4721796243128
0.005,213,2026081005,250601779,282,3,1,1,1,0,0,0,710,12,1,545.9391888963193
0.005,214,2026081005,250601779,250,6,1,1,1,0,0,0,109,2,1,462.20826513939716
0.005,215,2026081005,250601779,290,8,1,1,1,0,0,0,124,2,1,559.3930703142245
0.005,216,2026081005,250601779,253,5,1,1,1,0,0,0,116,2,1,472.0157204653642
0.005,217,2026081005,250601779,287,5,1,1,1,0,0,0,706,12,1,574.1247755718149
0.005,218,2026081005,250601779,254,6,1,1,1,0,0,0,374,6,1,555.0439100412077
0.005,219,2026081005,250601779,260,5,1,1,1,0,0,0,612,10,1,517.0484571086664
0.005,220,2026081005,250601779,278,4,1,1,1,0,0,0,5271,88,1,604.9811885559043
0.005,221,2026081005,250601779,293,6,1,1,1,0,0,0,115,2,1,586.203097521788
0.005,222,2026081005,250601779,266,7,1,1,1,0,0,0,14116,235,1,577.8771702273643
0.005,223,2026081005,250601779,284,5,1,1,1,0,0,0,3434,57,1,569.4051629851949
0.005,224,2026081005,250601779,273,5,1,1,1,0,0,0,136,2,1,492.6975620686378
0.005,225,2026081005,250601779,301,6,1,1,1,0,0,0,15835,264,1,612.7626499844405
0.005,226,2026081005,250601779,316,7,1,1,1,0,0,0,2840,47,1,633.7407302267272
0.005,227,2026081005,250601779,287,7,1,1,1,0,0,0,105,2,1,503.424332096018
0.005,228,2026081005,250601779,245,4,1,1,1,0,0,0,59,1,1,423.839051866782
0.005,229,2026081005,250601779,326,9,1,1,1,0,0,0,9293,155,1,644.2719687876801
0.005,230,2026081005,250601779,273,4,1,1,1,0,0,0,1016,17,1,541.6604051405055
0.005,231,2026081005,250601779,296,8,1,1,1,0,0,0,5715,95,1,627.0714653157997
0.005,232,2026081005,250601779,332,3,1,1,1,0,0,0,4367,73,1,664.7968272866385
0.005,233,2026081005,250601779,294,6,1,1,1,0,0,0,4379,73,1,620.5869981751312
0.005,234,2026081005,250601779,283,6,1,1,1,0,0,0,958,16,1,634.4837014817905
0.005,235,2026081005,250601779,244,4,1,1,1,0,0,0,80,1,1,486.77531657443296
0.005,236,2026081005,250601779,329,7,0,0,0,0,1,5,18080,301,0,
0.005,237,2026081005,250601779,262,6,1,1,1,0,0,0,10817,180,1,608.8440726646929
0.005,238,2026081005,250601779,265,7,1,1,1,0,0,0,316,5,1,567.8784681691895
0.005,239,2026081005,250601779,235,6,1,1,1,0,0,0,47,1,1,394.15842912440417
0.005,240,2026081005,250601779,348,6,0,0,0,0,1,8,18080,301,0,
0.005,241,2026081005,250601779,293,5,1,1,1,0,0,0,366,6,1,640.1608176514831
0.005,242,2026081005,250601779,291,4,1,1,1,0,0,0,966,16,1,565.9318437840545
0.005,243,2026081005,250601779,344,4,1,1,1,0,0,0,5878,98,1,714.8699871603069
0.005,244,2026081005,250601779,249,7,1,1,1,0,0,0,62,1,1,458.1889597445912
0.005,245,2026081005,250601779,292,2,1,1,1,0,0,0,47,1,1,503.76412405989265
0.005,246,2026081005,250601779,270,4,1,1,1,0,0,0,195,3,1,500.8930242354271
0.005,247,2026081005,250601779,273,8,1,1,1,0,0,0,404,7,1,586.891907429366
0.005,248,2026081005,250601779,338,7,1,1,1,0,0,0,2535,42,1,726.4483296272319
0.005,249,2026081005,250601779,278,6,1,1,1,0,0,0,12241,204,1,587.1998996687362
0.005,250,2026081005,250601779,257,7,1,1,1,0,0,0,408,7,1,537.5621350984657
0.005,251,2026081005,250601779,293,6,1,1,1,0,0,0,5279,88,1,588.3671477390719
0.005,252,2026081005,250601779,310,5,1,1,1,0,0,0,1367,23,1,693.883356494126
0.005,253,2026081005,250601779,290,6,1,1,1,0,0,0,1135,19,1,581.525446527986
0.005,254,2026081005,250601779,308,8,1,1,1,0,0,0,1330,22,1,613.6444371778068
0.005,255,2026081005,250601779,318,6,1,1,1,0,0,0,5108,85,1,627.1269167972667
