sample_seed,shot,relay_leg,iterations_used,start_residual,end_residual,minimum_residual,global_best_before,global_best_after,global_best_improvement,iterations_since_best_at_end,mean_decision_churn,max_decision_churn,fraction_iterations_with_decision_changes,category,converged,end_global_iteration,target1_eligible,target1,target2_eligible,target2,target3_eligible,target3,target4_eligible,target4
20260809,0,1,37,136,0,0,136,0,136,0,54.4054054054054,348,1.0,productive,1,37,0,,0,,0,,0,
20260809,1,1,51,157,0,0,157,0,157,0,59.6078431372549,394,1.0,productive,1,51,0,,0,,0,,0,
20260809,2,1,74,216,0,0,216,0,216,0,77.36486486486487,788,1.0,productive,1,74,0,,0,,0,,0,
20260809,3,1,56,203,0,0,203,0,203,0,58.125,627,1.0,productive,1,56,0,,0,,0,,0,
20260809,4,1,53,172,0,0,172,0,172,0,77.81132075471699,455,1.0,productive,1,53,0,,0,,0,,0,
20260809,5,1,80,162,1,1,162,1,161,28,53.75,537,0.9125,productive,0,80,1,1,1,0,1,0,1,0
20260809,5,2,60,1,12,4,1,1,0,88,1501.5166666666667,17065,1.0,regressive,0,140,1,0,1,0,1,0,1,0
20260809,5,3,31,12,0,0,1,0,1,0,474.96774193548384,6801,0.967741935483871,productive,1,171,0,,0,,0,,0,
20260809,6,1,80,161,9,7,161,7,154,8,68.7125,516,1.0,productive,0,80,1,1,1,0,1,0,1,0
20260809,6,2,60,9,21,7,7,7,0,68,878.5666666666667,15431,1.0,regressive,0,140,1,0,1,0,1,0,1,0
20260809,6,3,60,21,44,3,7,3,4,41,209.83333333333334,2581,1.0,productive,0,200,1,1,1,0,1,0,1,0
20260809,6,4,60,44,3,3,3,3,0,101,352.0833333333333,7199,1.0,stagnant,0,260,1,0,1,0,1,0,1,0
20260809,6,5,60,3,11,2,3,2,1,19,321.8333333333333,5139,1.0,productive,0,320,1,0,1,0,1,0,1,0
20260809,6,6,24,11,0,0,2,0,2,0,317.1666666666667,3511,1.0,productive,1,344,0,,0,,0,,0,
20260809,7,1,56,188,0,0,188,0,188,0,46.19642857142857,594,0.9821428571428571,productive,1,56,0,,0,,0,,0,
20260809,8,1,54,195,0,0,195,0,195,0,80.0925925925926,716,1.0,productive,1,54,0,,0,,0,,0,
20260809,9,1,80,195,24,11,195,11,184,6,88.95,783,1.0,productive,0,80,1,0,1,0,1,0,1,0
20260809,9,2,37,24,0,0,11,0,11,0,1383.162162162162,15735,1.0,productive,1,117,0,,0,,0,,0,
20260809,10,1,53,174,0,0,174,0,174,0,65.69811320754717,550,1.0,productive,1,53,0,,0,,0,,0,
20260809,11,1,80,195,11,4,195,4,191,9,57.6125,591,1.0,productive,0,80,1,0,1,0,1,0,1,0
20260809,11,2,24,11,0,0,4,0,4,0,2275.4583333333335,16617,1.0,productive,1,104,0,,0,,0,,0,
20260809,12,1,60,204,0,0,204,0,204,0,92.15,833,1.0,productive,1,60,0,,0,,0,,0,
20260809,13,1,80,215,2,1,215,1,214,49,45.1625,729,1.0,productive,0,80,1,1,1,0,1,0,1,0
20260809,13,2,60,2,13,2,1,1,0,109,1403.8,16830,1.0,regressive,0,140,1,0,1,0,1,0,1,0
20260809,13,3,41,13,0,0,1,0,1,0,268.2682926829268,4936,1.0,productive,1,181,0,,0,,0,,0,
20260809,14,1,39,196,0,0,196,0,196,0,84.38461538461539,693,1.0,productive,1,39,0,,0,,0,,0,
20260809,15,1,80,177,2,2,177,2,175,8,68.125,594,1.0,productive,0,80,1,0,1,0,1,0,1,0
20260809,15,2,60,2,16,1,2,1,1,32,1086.8,16713,1.0,productive,0,140,1,0,1,0,1,0,1,0
20260809,15,3,25,16,0,0,1,0,1,0,516.6,6008,1.0,productive,1,165,0,,0,,0,,0,
20260809,16,1,80,215,2,1,215,1,214,27,60.85,792,0.9,productive,0,80,1,1,1,1,1,0,1,1
20260809,16,2,60,2,5,2,1,1,0,87,1433.3666666666666,16529,0.9833333333333333,regressive,0,140,1,1,1,0,1,0,1,0
20260809,16,3,60,5,17,9,1,1,0,147,347.2,7507,1.0,regressive,0,200,1,0,1,0,1,0,1,0
20260809,16,4,26,17,0,0,1,0,1,0,461.2307692307692,5401,1.0,productive,1,226,0,,0,,0,,0,
20260809,17,1,58,178,0,0,178,0,178,0,55.56896551724138,591,1.0,productive,1,58,0,,0,,0,,0,
20260809,18,1,80,232,12,8,232,8,224,13,71.05,775,1.0,productive,0,80,1,0,1,0,1,0,1,0
20260809,18,2,60,12,12,5,8,5,3,31,1409.5333333333333,16214,1.0,productive,0,140,1,1,1,1,1,0,1,1
20260809,18,3,60,12,13,7,5,5,0,91,385.5833333333333,7220,1.0,regressive,0,200,1,1,1,0,1,0,1,0
20260809,18,4,60,13,17,13,5,5,0,151,182.41666666666666,4323,1.0,regressive,0,260,1,0,1,0,1,0,1,0
20260809,18,5,60,17,13,1,5,1,4,20,325.53333333333336,4388,0.9833333333333333,productive,0,320,1,1,1,1,1,1,1,1
20260809,18,6,60,13,3,2,1,1,0,80,296.81666666666666,2748,1.0,stagnant,0,380,1,1,1,1,1,1,1,1
20260809,18,7,60,3,32,19,1,1,0,140,405.95,8875,1.0,regressive,0,440,1,1,1,1,1,1,1,1
20260809,18,8,60,32,15,10,1,1,0,200,243.81666666666666,3956,1.0,stagnant,0,500,1,1,1,1,1,1,1,1
20260809,18,9,60,15,9,1,1,1,0,260,353.0,6476,0.95,stagnant,0,560,1,1,1,1,1,1,1,1
20260809,18,10,60,9,21,12,1,1,0,320,361.6,7497,1.0,regressive,0,620,1,1,1,1,1,1,1,1
20260809,18,11,60,21,352,4,1,1,0,380,406.56666666666666,7382,1.0,regressive,0,680,1,1,1,1,1,1,1,1
20260809,18,12,60,352,344,11,1,1,0,440,175.93333333333334,1960,1.0,stagnant,0,740,1,1,1,1,1,1,1,1
20260809,18,13,60,344,10,2,1,1,0,500,345.8,2536,1.0,stagnant,0,800,1,1,1,1,1,1,1,1
20260809,18,14,60,10,2,2,1,1,0,560,378.15,7218,1.0,stagnant,0,860,1,1,1,1,1,1,1,1
20260809,18,15,60,2,26,3,1,1,0,620,330.4,6012,1.0,regressive,0,920,1,1,1,1,1,1,1,1
20260809,18,16,60,26,21,15,1,1,0,680,251.28333333333333,5872,1.0,stagnant,0,980,1,1,1,1,1,1,1,1
20260809,18,17,60,21,19,11,1,1,0,740,346.21666666666664,5183,1.0,stagnant,0,1040,1,1,1,1,1,1,1,1
20260809,18,18,60,19,23,1,1,1,0,800,367.95,5342,1.0,regressive,0,1100,1,1,1,1,1,1,1,1
20260809,18,19,60,23,18,11,1,1,0,860,297.4166666666667,5957,1.0,stagnant,0,1160,1,1,1,1,1,1,1,1
20260809,18,20,60,18,34,9,1,1,0,920,289.35,5970,1.0,regressive,0,1220,1,1,1,1,1,1,1,1
20260809,18,21,60,34,20,10,1,1,0,980,182.9,2072,1.0,stagnant,0,1280,1,1,1,1,1,1,1,1
20260809,18,22,60,20,17,9,1,1,0,1040,292.05,6342,1.0,stagnant,0,1340,1,1,1,1,1,1,1,1
20260809,18,23,60,17,14,10,1,1,0,1100,353.01666666666665,6248,1.0,stagnant,0,1400,1,1,1,1,1,1,1,1
20260809,18,24,60,14,9,1,1,1,0,1160,259.8,4098,1.0,stagnant,0,1460,1,1,1,1,1,1,1,1
20260809,18,25,60,9,59,5,1,1,0,1220,318.96666666666664,7618,1.0,regressive,0,1520,1,1,1,1,1,1,1,1
20260809,18,26,60,59,62,1,1,1,0,1280,93.25,1857,0.9833333333333333,regressive,0,1580,1,1,1,1,1,1,1,1
20260809,18,27,60,62,28,2,1,1,0,1340,399.45,7751,1.0,stagnant,0,1640,1,1,1,1,1,1,1,1
20260809,18,28,60,28,17,9,1,1,0,1400,195.6,4865,1.0,stagnant,0,1700,1,1,1,1,1,1,1,1
20260809,18,29,60,17,20,5,1,1,0,1460,387.5,6799,1.0,regressive,0,1760,1,1,1,1,1,1,1,1
20260809,18,30,60,20,3,3,1,1,0,1520,307.8666666666667,4021,1.0,stagnant,0,1820,1,1,1,1,0,,1,1
20260809,18,31,60,3,13,6,1,1,0,1580,347.23333333333335,8337,1.0,regressive,0,1880,1,1,0,,0,,0,
20260809,18,32,60,13,9,4,1,1,0,1640,438.4166666666667,8307,1.0,stagnant,0,1940,0,,0,,0,,0,
20260809,19,1,41,171,0,0,171,0,171,0,60.65853658536585,421,0.9512195121951219,productive,1,41,0,,0,,0,,0,
20260809,20,1,74,149,0,0,149,0,149,0,30.54054054054054,372,0.9864864864864865,productive,1,74,0,,0,,0,,0,
20260809,21,1,26,147,0,0,147,0,147,0,45.57692307692308,306,1.0,productive,1,26,0,,0,,0,,0,
20260809,22,1,40,173,0,0,173,0,173,0,77.825,492,1.0,productive,1,40,0,,0,,0,,0,
20260809,23,1,80,199,16,11,199,11,188,1,70.4125,610,1.0,productive,0,80,1,0,1,0,1,0,1,0
20260809,23,2,21,16,0,0,11,0,11,0,2541.2380952380954,15789,1.0,productive,1,101,0,,0,,0,,0,
20260809,24,1,80,144,3,1,144,1,143,45,39.8,425,1.0,productive,0,80,1,0,1,0,1,0,1,0
20260809,24,2,47,3,0,0,1,0,1,0,1847.6170212765958,16416,1.0,productive,1,127,0,,0,,0,,0,
20260809,25,1,80,122,9,3,122,3,119,11,54.225,307,1.0,productive,0,80,1,1,1,0,1,0,1,0
20260809,25,2,60,9,434,5,3,3,0,71,1210.5166666666667,16366,1.0,regressive,0,140,1,0,1,0,1,0,1,0
20260809,25,3,60,434,0,0,3,0,3,0,361.05,5063,1.0,productive,1,200,0,,0,,0,,0,
20260809,26,1,80,164,11,6,164,6,158,20,52.7125,478,1.0,productive,0,80,1,0,1,0,1,0,1,0
20260809,26,2,53,11,0,0,6,0,6,0,1507.5283018867924,16429,1.0,productive,1,133,0,,0,,0,,0,
20260809,27,1,80,137,6,2,137,2,135,39,29.9625,378,1.0,productive,0,80,1,1,1,1,1,0,1,1
20260809,27,2,60,6,208,4,2,2,0,99,1391.6333333333334,16745,1.0,regressive,0,140,1,1,1,0,1,0,1,0
20260809,27,3,60,208,36,4,2,2,0,159,166.86666666666667,3149,1.0,stagnant,0,200,1,0,1,0,1,0,1,0
20260809,27,4,30,36,0,0,2,0,2,0,301.0,4040,1.0,productive,1,230,0,,0,,0,,0,
20260809,28,1,80,182,16,13,182,13,169,3,53.075,537,1.0,productive,0,80,1,0,1,0,1,0,1,0
20260809,28,2,60,16,11,9,13,9,4,2,1454.9666666666667,16168,1.0,productive,0,140,1,0,1,0,1,0,1,0
20260809,28,3,60,11,9,1,9,1,8,38,319.65,6100,1.0,productive,0,200,1,1,1,0,1,0,1,0
20260809,28,4,60,9,54,6,1,1,0,98,419.8833333333333,8377,1.0,regressive,0,260,1,0,1,0,1,0,1,0
20260809,28,5,30,54,0,0,1,0,1,0,112.46666666666667,1293,1.0,productive,1,290,0,,0,,0,,0,
20260809,29,1,80,168,8,4,168,4,164,15,44.3,597,1.0,productive,0,80,1,0,1,0,1,0,1,0
20260809,29,2,60,8,5,3,4,3,1,31,1286.75,16370,1.0,productive,0,140,1,1,1,1,1,1,1,1
20260809,29,3,60,5,17,8,3,3,0,91,289.98333333333335,6908,1.0,regressive,0,200,1,1,1,1,1,1,1,1
20260809,29,4,60,17,10,3,3,3,0,151,260.6333333333333,3894,1.0,stagnant,0,260,1,1,1,1,1,1,1,1
20260809,29,5,60,10,8,3,3,3,0,211,370.1,6935,1.0,stagnant,0,320,1,1,1,1,1,1,1,1
20260809,29,6,60,8,18,12,3,3,0,271,500.2,10393,1.0,regressive,0,380,1,1,1,1,1,0,1,1
20260809,29,7,60,18,11,7,3,3,0,331,294.6,4675,1.0,stagnant,0,440,1,1,1,0,1,0,1,0
20260809,29,8,60,11,13,6,3,3,0,391,306.43333333333334,6304,1.0,regressive,0,500,1,0,1,0,1,0,1,0
20260809,29,9,51,13,0,0,3,0,3,0,182.84313725490196,4000,1.0,productive,1,551,0,,0,,0,,0,
20260809,30,1,56,177,0,0,177,0,177,0,58.32142857142857,500,0.9821428571428571,productive,1,56,0,,0,,0,,0,
20260809,31,1,22,153,0,0,153,0,153,0,79.18181818181819,433,0.9545454545454546,productive,1,22,0,,0,,0,,0,
20260810,0,1,67,257,0,0,257,0,257,0,87.4776119402985,1023,1.0,productive,1,67,0,,0,,0,,0,
20260810,1,1,31,183,0,0,183,0,183,0,73.45161290322581,527,1.0,productive,1,31,0,,0,,0,,0,
20260810,2,1,74,173,0,0,173,0,173,0,38.82432432432432,455,1.0,productive,1,74,0,,0,,0,,0,
20260810,3,1,80,184,9,2,184,2,182,39,27.5375,458,0.9375,productive,0,80,1,0,1,0,1,0,1,0
20260810,3,2,30,9,0,0,2,0,2,0,2596.866666666667,16347,1.0,productive,1,110,0,,0,,0,,0,
20260810,4,1,80,178,69,53,178,53,125,9,169.525,691,1.0,productive,0,80,1,0,1,0,1,0,1,0
20260810,4,2,60,69,227,25,53,25,28,15,365.93333333333334,8023,1.0,productive,0,140,1,0,1,0,1,0,1,0
20260810,4,3,60,227,201,8,25,8,17,14,185.55,2619,1.0,productive,0,200,1,0,1,0,1,0,1,0
20260810,4,4,60,201,21,3,8,3,5,28,304.05,3686,1.0,productive,0,260,1,1,1,1,1,1,1,1
20260810,4,5,60,21,16,7,3,3,0,88,147.71666666666667,1934,1.0,stagnant,0,320,1,1,1,1,1,0,1,1
20260810,4,6,60,16,45,26,3,3,0,148,338.23333333333335,7077,1.0,regressive,0,380,1,1,1,0,1,0,1,0
20260810,4,7,60,45,81,15,3,3,0,208,181.6,3329,1.0,regressive,0,440,1,0,1,0,1,0,1,0
20260810,4,8,60,81,9,1,3,1,2,27,269.8833333333333,2730,0.9833333333333333,productive,0,500,1,1,1,1,1,1,1,1
20260810,4,9,60,9,1,1,1,1,0,87,351.6666666666667,6471,0.9666666666666667,stagnant,0,560,1,1,1,1,1,1,1,1
20260810,4,10,60,1,22,12,1,1,0,147,415.95,9290,1.0,regressive,0,620,1,1,1,1,1,1,1,1
20260810,4,11,60,22,161,9,1,1,0,207,250.28333333333333,4404,1.0,regressive,0,680,1,1,1,1,1,1,1,1
20260810,4,12,60,161,17,6,1,1,0,267,248.61666666666667,3955,1.0,stagnant,0,740,1,1,1,1,1,1,1,1
20260810,4,13,60,17,10,9,1,1,0,327,455.85,7284,1.0,stagnant,0,800,1,1,1,1,1,0,1,1
20260810,4,14,60,10,141,11,1,1,0,387,268.3333333333333,5296,1.0,regressive,0,860,1,1,1,0,1,0,1,0
20260810,4,15,60,141,398,7,1,1,0,447,329.9,3568,1.0,regressive,0,920,1,0,1,0,1,0,1,0
20260810,4,16,47,398,0,0,1,0,1,0,148.68085106382978,2469,1.0,productive,1,967,0,,0,,0,,0,
20260810,5,1,49,192,0,0,192,0,192,0,67.10204081632654,575,1.0,productive,1,49,0,,0,,0,,0,
20260810,6,1,23,175,0,0,175,0,175,0,85.34782608695652,491,1.0,productive,1,23,0,,0,,0,,0,
20260810,7,1,80,179,1,1,179,1,178,50,35.8375,534,0.95,productive,0,80,1,1,1,0,1,0,1,0
20260810,7,2,60,1,5,2,1,1,0,110,1500.4,16489,1.0,regressive,0,140,1,0,1,0,1,0,1,0
20260810,7,3,50,5,0,0,1,0,1,0,397.64,5770,1.0,productive,1,190,0,,0,,0,,0,
20260810,8,1,80,219,28,16,219,16,203,3,111.4125,966,1.0,productive,0,80,1,0,1,0,1,0,1,0
20260810,8,2,23,28,0,0,16,0,16,0,1310.9565217391305,12925,1.0,productive,1,103,0,,0,,0,,0,
20260810,9,1,80,213,29,24,213,24,189,3,180.7875,973,1.0,productive,0,80,1,0,1,0,1,0,1,0
20260810,9,2,60,29,92,8,24,8,16,38,542.5,9789,1.0,productive,0,140,1,1,1,1,1,0,1,1
20260810,9,3,60,92,13,9,8,8,0,98,290.55,5387,1.0,stagnant,0,200,1,1,1,0,1,0,1,0
20260810,9,4,60,13,10,9,8,8,0,158,263.7,6672,1.0,stagnant,0,260,1,0,1,0,1,0,1,0
20260810,9,5,60,10,208,6,8,6,2,41,380.1666666666667,7815,1.0,productive,0,320,1,0,1,0,1,0,1,0
20260810,9,6,60,208,116,1,6,1,5,26,432.01666666666665,5965,1.0,productive,0,380,1,1,1,1,1,1,1,1
20260810,9,7,60,116,15,5,1,1,0,86,175.86666666666667,1613,1.0,stagnant,0,440,1,1,1,1,1,1,1,1
20260810,9,8,60,15,9,9,1,1,0,146,399.6666666666667,6983,1.0,stagnant,0,500,1,1,1,1,1,1,1,1
20260810,9,9,60,9,17,12,1,1,0,206,382.6666666666667,6470,1.0,regressive,0,560,1,1,1,1,1,1,1,1
20260810,9,10,60,17,11,3,1,1,0,266,285.3666666666667,6552,1.0,stagnant,0,620,1,1,1,1,1,1,1,1
20260810,9,11,60,11,60,5,1,1,0,326,409.1333333333333,8096,1.0,regressive,0,680,1,1,1,1,1,1,1,1
20260810,9,12,60,60,32,20,1,1,0,386,93.35,1592,1.0,stagnant,0,740,1,1,1,1,1,1,1,1
20260810,9,13,60,32,20,6,1,1,0,446,389.1166666666667,5917,1.0,stagnant,0,800,1,1,1,1,1,1,1,1
20260810,9,14,60,20,185,11,1,1,0,506,173.51666666666668,2040,1.0,regressive,0,860,1,1,1,1,1,1,1,1
20260810,9,15,60,185,20,2,1,1,0,566,312.5,5877,1.0,stagnant,0,920,1,1,1,1,1,1,1,1
20260810,9,16,60,20,18,8,1,1,0,626,356.96666666666664,7984,1.0,stagnant,0,980,1,1,1,1,1,1,1,1
20260810,9,17,60,18,7,7,1,1,0,686,306.03333333333336,5442,1.0,stagnant,0,1040,1,1,1,1,1,1,1,1
20260810,9,18,60,7,148,9,1,1,0,746,335.23333333333335,6801,1.0,regressive,0,1100,1,1,1,1,1,1,1,1
20260810,9,19,60,148,16,5,1,1,0,806,237.65,1833,1.0,stagnant,0,1160,1,1,1,1,1,1,1,1
20260810,9,20,60,16,9,7,1,1,0,866,377.68333333333334,7820,1.0,stagnant,0,1220,1,1,1,1,1,1,1,1
20260810,9,21,60,9,14,3,1,1,0,926,390.51666666666665,6552,1.0,regressive,0,1280,1,1,1,1,1,0,1,1
20260810,9,22,60,14,3,2,1,1,0,986,322.06666666666666,6863,1.0,stagnant,0,1340,1,1,1,0,1,0,1,0
20260810,9,23,60,3,164,17,1,1,0,1046,334.96666666666664,8173,1.0,regressive,0,1400,1,0,1,0,1,0,1,0
20260810,9,24,30,164,0,0,1,0,1,0,210.1,2444,1.0,productive,1,1430,0,,0,,0,,0,
20260810,10,1,42,221,0,0,221,0,221,0,97.73809523809524,787,1.0,productive,1,42,0,,0,,0,,0,
20260810,11,1,50,172,0,0,172,0,172,0,35.94,524,1.0,productive,1,50,0,,0,,0,,0,
20260810,12,1,34,158,0,0,158,0,158,0,48.5,373,1.0,productive,1,34,0,,0,,0,,0,
20260810,13,1,80,169,6,4,169,4,165,14,46.725,560,1.0,productive,0,80,1,1,1,0,1,0,1,0
20260810,13,2,60,6,159,4,4,4,0,74,1330.4833333333333,16818,1.0,regressive,0,140,1,0,1,0,1,0,1,0
20260810,13,3,49,159,0,0,4,0,4,0,358.265306122449,4591,1.0,productive,1,189,0,,0,,0,,0,
20260810,14,1,63,170,0,0,170,0,170,0,47.93650793650794,425,1.0,productive,1,63,0,,0,,0,,0,
20260810,15,1,17,131,0,0,131,0,131,0,54.294117647058826,270,1.0,productive,1,17,0,,0,,0,,0,
20260810,16,1,47,137,0,0,137,0,137,0,72.82978723404256,445,0.9574468085106383,productive,1,47,0,,0,,0,,0,
20260810,17,1,38,220,0,0,220,0,220,0,111.26315789473684,819,1.0,productive,1,38,0,,0,,0,,0,
20260810,18,1,72,165,0,0,165,0,165,0,43.25,452,1.0,productive,1,72,0,,0,,0,,0,
20260810,19,1,80,214,11,6,214,6,208,16,74.6,838,1.0,productive,0,80,1,0,1,0,1,0,1,0
20260810,19,2,60,11,47,1,6,1,5,21,1458.7333333333333,16312,1.0,productive,0,140,1,1,1,1,1,1,1,1
20260810,19,3,60,47,26,5,1,1,0,81,185.65,2255,1.0,stagnant,0,200,1,1,1,1,1,1,1,1
20260810,19,4,60,26,40,8,1,1,0,141,266.0833333333333,3827,1.0,regressive,0,260,1,1,1,1,1,1,1,1
20260810,19,5,60,40,25,6,1,1,0,201,447.0833333333333,8725,1.0,stagnant,0,320,1,1,1,1,1,1,1,1
20260810,19,6,60,25,21,1,1,1,0,261,337.8833333333333,5805,1.0,stagnant,0,380,1,1,1,1,1,0,1,1
20260810,19,7,60,21,129,3,1,1,0,321,465.6166666666667,8008,1.0,regressive,0,440,1,1,1,0,1,0,1,0
20260810,19,8,60,129,48,2,1,1,0,381,404.48333333333335,5637,1.0,stagnant,0,500,1,0,1,0,1,0,1,0
20260810,19,9,50,48,0,0,1,0,1,0,264.16,2709,1.0,productive,1,550,0,,0,,0,,0,
20260810,20,1,80,182,2,1,182,1,181,27,38.5375,663,1.0,productive,0,80,1,1,1,1,1,1,1,1
20260810,20,2,60,2,9,1,1,1,0,87,1438.3333333333333,16460,1.0,regressive,0,140,1,1,1,1,1,0,1,1
20260810,20,3,60,9,187,5,1,1,0,147,510.06666666666666,6253,1.0,regressive,0,200,1,1,1,0,1,0,1,0
20260810,20,4,60,187,6,3,1,1,0,207,239.95,1873,1.0,stagnant,0,260,1,0,1,0,1,0,1,0
20260810,20,5,25,6,0,0,1,0,1,0,471.88,5735,0.96,productive,1,285,0,,0,,0,,0,
20260810,21,1,80,163,14,8,163,8,155,21,58.6375,537,1.0,productive,0,80,1,0,1,0,1,0,1,0
20260810,21,2,24,14,0,0,8,0,8,0,2905.4583333333335,16225,1.0,productive,1,104,0,,0,,0,,0,
20260810,22,1,77,138,0,0,138,0,138,0,35.79220779220779,370,1.0,productive,1,77,0,,0,,0,,0,
20260810,23,1,47,179,0,0,179,0,179,0,60.57446808510638,391,1.0,productive,1,47,0,,0,,0,,0,
20260810,24,1,66,181,0,0,181,0,181,0,59.13636363636363,579,0.9848484848484849,productive,1,66,0,,0,,0,,0,
20260810,25,1,58,193,0,0,193,0,193,0,73.62068965517241,642,1.0,productive,1,58,0,,0,,0,,0,
20260810,26,1,80,233,19,15,233,15,218,32,84.5125,883,1.0,productive,0,80,1,0,1,0,1,0,1,0
20260810,26,2,60,19,109,1,15,1,14,11,1166.3833333333334,15452,0.9833333333333333,productive,0,140,1,1,1,1,1,1,1,1
20260810,26,3,60,109,70,9,1,1,0,71,264.78333333333336,6671,1.0,stagnant,0,200,1,1,1,1,1,1,1,1
20260810,26,4,60,70,39,9,1,1,0,131,164.65,3782,1.0,stagnant,0,260,1,1,1,1,1,1,1,1
20260810,26,5,60,39,49,15,1,1,0,191,314.1333333333333,6595,1.0,regressive,0,320,1,1,1,1,1,1,1,1
20260810,26,6,60,49,18,8,1,1,0,251,178.3,3229,1.0,stagnant,0,380,1,1,1,1,1,1,1,1
20260810,26,7,60,18,24,12,1,1,0,311,223.75,3260,1.0,regressive,0,440,1,1,1,1,1,1,1,1
20260810,26,8,60,24,45,9,1,1,0,371,251.95,5285,1.0,regressive,0,500,1,1,1,1,1,1,1,1
20260810,26,9,60,45,11,11,1,1,0,431,119.45,2180,1.0,stagnant,0,560,1,1,1,1,1,1,1,1
20260810,26,10,60,11,20,10,1,1,0,491,377.85,7153,1.0,regressive,0,620,1,1,1,1,1,1,1,1
20260810,26,11,60,20,26,8,1,1,0,551,309.0833333333333,4868,1.0,regressive,0,680,1,1,1,1,1,1,1,1
20260810,26,12,60,26,33,6,1,1,0,611,254.21666666666667,4213,1.0,regressive,0,740,1,1,1,1,1,1,1,1
20260810,26,13,60,33,37,2,1,1,0,671,253.86666666666667,3322,1.0,regressive,0,800,1,1,1,1,1,1,1,1
20260810,26,14,60,37,11,9,1,1,0,731,211.3,3878,1.0,stagnant,0,860,1,1,1,1,1,1,1,1
20260810,26,15,60,11,150,7,1,1,0,791,250.3,6468,1.0,regressive,0,920,1,1,1,1,1,1,1,1
20260810,26,16,60,150,9,3,1,1,0,851,198.4,4948,1.0,stagnant,0,980,1,1,1,1,1,1,1,1
20260810,26,17,60,9,24,19,1,1,0,911,269.06666666666666,5342,1.0,regressive,0,1040,1,1,1,1,1,1,1,1
20260810,26,18,60,24,8,5,1,1,0,971,193.2,4928,1.0,stagnant,0,1100,1,1,1,1,1,1,1,1
20260810,26,19,60,8,16,8,1,1,0,1031,377.0833333333333,6744,1.0,regressive,0,1160,1,1,1,1,1,1,1,1
20260810,26,20,60,16,47,19,1,1,0,1091,217.43333333333334,5024,1.0,regressive,0,1220,1,1,1,1,1,1,1,1
20260810,26,21,60,47,3,3,1,1,0,1151,121.26666666666667,1916,1.0,stagnant,0,1280,1,1,1,1,1,1,1,1
20260810,26,22,60,3,168,9,1,1,0,1211,149.38333333333333,3438,1.0,regressive,0,1340,1,1,1,1,1,1,1,1
20260810,26,23,60,168,1,1,1,1,0,1271,300.1,4638,1.0,stagnant,0,1400,1,1,1,1,1,1,1,1
20260810,26,24,60,1,15,10,1,1,0,1331,437.9166666666667,8001,1.0,regressive,0,1460,1,1,1,1,1,1,1,1
20260810,26,25,60,15,23,14,1,1,0,1391,190.18333333333334,4489,1.0,regressive,0,1520,1,1,1,1,1,1,1,1
20260810,26,26,60,23,14,9,1,1,0,1451,166.55,3886,1.0,stagnant,0,1580,1,1,1,1,1,1,1,1
20260810,26,27,60,14,9,6,1,1,0,1511,294.15,7141,1.0,stagnant,0,1640,1,1,1,1,1,1,1,1
20260810,26,28,60,9,15,11,1,1,0,1571,342.06666666666666,5904,1.0,regressive,0,1700,1,1,1,1,1,1,1,1
20260810,26,29,60,15,24,12,1,1,0,1631,148.63333333333333,2213,1.0,regressive,0,1760,1,1,1,1,1,1,1,1
20260810,26,30,60,24,17,15,1,1,0,1691,191.38333333333333,2361,1.0,stagnant,0,1820,1,1,1,1,0,,1,1
20260810,26,31,60,17,26,3,1,1,0,1751,289.78333333333336,3293,1.0,regressive,0,1880,1,1,0,,0,,0,
20260810,26,32,60,26,40,12,1,1,0,1811,196.81666666666666,2578,1.0,regressive,0,1940,0,,0,,0,,0,
20260810,27,1,56,203,0,0,203,0,203,0,140.33928571428572,931,1.0,productive,1,56,0,,0,,0,,0,
20260810,28,1,45,222,0,0,222,0,222,0,81.31111111111112,838,1.0,productive,1,45,0,,0,,0,,0,
20260810,29,1,80,163,9,7,163,7,156,39,61.925,550,1.0,productive,0,80,1,1,1,1,1,0,1,1
20260810,29,2,60,9,347,7,7,7,0,99,561.8166666666667,12459,1.0,regressive,0,140,1,1,1,0,1,0,1,0
20260810,29,3,60,347,32,8,7,7,0,159,211.21666666666667,3479,1.0,stagnant,0,200,1,0,1,0,1,0,1,0
20260810,29,4,60,32,7,3,7,3,4,5,170.76666666666668,1211,1.0,productive,0,260,1,0,1,0,1,0,1,0
20260810,29,5,25,7,0,0,3,0,3,0,668.32,7985,1.0,productive,1,285,0,,0,,0,,0,
20260810,30,1,80,140,2,2,140,2,138,0,41.425,348,1.0,productive,0,80,1,1,1,0,1,0,1,0
20260810,30,2,60,2,265,2,2,2,0,60,1554.7166666666667,16273,1.0,regressive,0,140,1,0,1,0,1,0,1,0
20260810,30,3,19,265,0,0,2,0,2,0,499.7368421052632,4212,1.0,productive,1,159,0,,0,,0,,0,
20260810,31,1,80,171,10,2,171,2,169,29,43.2125,469,1.0,productive,0,80,1,1,1,1,1,1,1,1
20260810,31,2,60,10,14,11,2,2,0,89,1430.7333333333333,16105,1.0,regressive,0,140,1,1,1,1,1,0,1,1
20260810,31,3,60,14,28,7,2,2,0,149,322.56666666666666,5822,1.0,regressive,0,200,1,1,1,0,1,0,1,0
20260810,31,4,60,28,13,3,2,2,0,209,325.15,5529,1.0,stagnant,0,260,1,0,1,0,1,0,1,0
20260810,31,5,54,13,0,0,2,0,2,0,416.9259259259259,5436,1.0,productive,1,314,0,,0,,0,,0,
20260811,0,1,38,142,0,0,142,0,142,0,56.63157894736842,305,1.0,productive,1,38,0,,0,,0,,0,
20260811,1,1,80,176,17,10,176,10,166,24,79.9875,549,1.0,productive,0,80,1,0,1,0,1,0,1,0
20260811,1,2,60,17,10,2,10,2,8,23,1455.1833333333334,16108,1.0,productive,0,140,1,1,1,1,1,1,1,1
20260811,1,3,60,10,15,3,2,2,0,83,249.7,5644,1.0,regressive,0,200,1,1,1,1,1,0,1,1
20260811,1,4,60,15,14,4,2,2,0,143,278.26666666666665,5941,1.0,stagnant,0,260,1,1,1,0,1,0,1,0
20260811,1,5,60,14,24,7,2,2,0,203,305.1333333333333,4911,1.0,regressive,0,320,1,0,1,0,1,0,1,0
20260811,1,6,20,24,0,0,2,0,2,0,725.5,7155,1.0,productive,1,340,0,,0,,0,,0,
20260811,2,1,51,155,0,0,155,0,155,0,40.78431372549019,410,1.0,productive,1,51,0,,0,,0,,0,
20260811,3,1,45,203,0,0,203,0,203,0,100.02222222222223,695,1.0,productive,1,45,0,,0,,0,,0,
20260811,4,1,80,152,15,7,152,7,145,20,46.1625,450,1.0,productive,0,80,1,0,1,0,1,0,1,0
20260811,4,2,34,15,0,0,7,0,7,0,1218.3235294117646,15199,1.0,productive,1,114,0,,0,,0,,0,
20260811,5,1,80,185,6,1,185,1,184,21,37.025,426,1.0,productive,0,80,1,0,1,0,1,0,1,0
20260811,5,2,20,6,0,0,1,0,1,0,3782.55,16294,1.0,productive,1,100,0,,0,,0,,0,
20260811,6,1,21,144,0,0,144,0,144,0,74.66666666666667,416,1.0,productive,1,21,0,,0,,0,,0,
20260811,7,1,78,200,0,0,200,0,200,0,48.64102564102564,690,1.0,productive,1,78,0,,0,,0,,0,
20260811,8,1,80,132,3,1,132,1,131,39,29.95,350,0.5625,productive,0,80,1,0,1,0,1,0,1,0
20260811,8,2,33,3,0,0,1,0,1,0,2410.6363636363635,16845,1.0,productive,1,113,0,,0,,0,,0,
20260811,9,1,74,144,0,0,144,0,144,0,32.74324324324324,354,1.0,productive,1,74,0,,0,,0,,0,
20260811,10,1,32,159,0,0,159,0,159,0,58.0,436,1.0,productive,1,32,0,,0,,0,,0,
20260811,11,1,73,193,0,0,193,0,193,0,81.10958904109589,740,1.0,productive,1,73,0,,0,,0,,0,
20260811,12,1,80,135,7,3,135,3,132,39,38.65,383,1.0,productive,0,80,1,0,1,0,1,0,1,0
20260811,12,2,57,7,0,0,3,0,3,0,1542.0,16422,0.9649122807017544,productive,1,137,0,,0,,0,,0,
20260811,13,1,80,201,9,6,201,6,195,36,52.7,647,1.0,productive,0,80,1,0,1,0,1,0,1,0
20260811,13,2,46,9,0,0,6,0,6,0,1750.7826086956522,16311,1.0,productive,1,126,0,,0,,0,,0,
20260811,14,1,36,171,0,0,171,0,171,0,74.52777777777777,500,1.0,productive,1,36,0,,0,,0,,0,
20260811,15,1,80,192,1,1,192,1,191,37,46.2125,614,0.95,productive,0,80,1,1,1,1,1,1,1,1
20260811,15,2,60,1,30,17,1,1,0,97,1387.1666666666667,16303,1.0,regressive,0,140,1,1,1,1,1,1,1,1
20260811,15,3,60,30,246,5,1,1,0,157,271.2,4306,1.0,regressive,0,200,1,1,1,1,1,1,1,1
20260811,15,4,60,246,9,5,1,1,0,217,187.3,1665,1.0,stagnant,0,260,1,1,1,1,1,1,1,1
20260811,15,5,60,9,33,1,1,1,0,277,347.73333333333335,5083,1.0,regressive,0,320,1,1,1,1,1,1,1,1
20260811,15,6,60,33,244,7,1,1,0,337,414.8333333333333,8181,1.0,regressive,0,380,1,1,1,1,1,0,1,1
20260811,15,7,60,244,15,4,1,1,0,397,296.1166666666667,4926,1.0,stagnant,0,440,1,1,1,0,1,0,1,0
20260811,15,8,60,15,19,1,1,1,0,457,354.06666666666666,5517,1.0,regressive,0,500,1,0,1,0,1,0,1,0
20260811,15,9,37,19,0,0,1,0,1,0,191.02702702702703,2878,0.972972972972973,productive,1,537,0,,0,,0,,0,
20260811,16,1,80,168,10,6,168,6,162,10,53.275,452,1.0,productive,0,80,1,0,1,0,1,0,1,0
20260811,16,2,55,10,0,0,6,0,6,0,1443.4545454545455,15962,1.0,productive,1,135,0,,0,,0,,0,
20260811,17,1,66,171,0,0,171,0,171,0,48.015151515151516,624,1.0,productive,1,66,0,,0,,0,,0,
20260811,18,1,80,174,2,1,174,1,173,27,42.85,579,0.975,productive,0,80,1,1,1,1,1,0,1,1
20260811,18,2,60,2,7,2,1,1,0,87,1390.5333333333333,16505,1.0,regressive,0,140,1,1,1,0,1,0,1,0
20260811,18,3,60,7,145,1,1,1,0,147,366.06666666666666,6410,0.9833333333333333,regressive,0,200,1,0,1,0,1,0,1,0
20260811,18,4,54,145,0,0,1,0,1,0,178.88888888888889,1417,0.9814814814814815,productive,1,254,0,,0,,0,,0,
20260811,19,1,23,157,0,0,157,0,157,0,69.43478260869566,376,1.0,productive,1,23,0,,0,,0,,0,
20260811,20,1,80,177,7,4,177,4,173,14,70.05,581,1.0,productive,0,80,1,0,1,0,1,0,1,0
20260811,20,2,52,7,0,0,4,0,4,0,1130.7692307692307,15983,1.0,productive,1,132,0,,0,,0,,0,
20260811,21,1,80,189,14,8,189,8,181,25,75.4125,603,1.0,productive,0,80,1,1,1,0,1,0,1,0
20260811,21,2,60,14,24,12,8,8,0,85,995.45,15862,1.0,regressive,0,140,1,0,1,0,1,0,1,0
20260811,21,3,43,24,0,0,8,0,8,0,259.1162790697674,4942,1.0,productive,1,183,0,,0,,0,,0,
20260811,22,1,64,191,0,0,191,0,191,0,57.890625,665,1.0,productive,1,64,0,,0,,0,,0,
20260811,23,1,80,203,13,7,203,7,196,22,62.5875,649,1.0,productive,0,80,1,0,1,0,1,0,1,0
20260811,23,2,60,13,9,1,7,1,6,25,1400.1166666666666,15818,1.0,productive,0,140,1,0,1,0,1,0,1,0
20260811,23,3,55,9,0,0,1,0,1,0,321.6181818181818,4456,1.0,productive,1,195,0,,0,,0,,0,
20260811,24,1,73,157,0,0,157,0,157,0,39.9041095890411,470,1.0,productive,1,73,0,,0,,0,,0,
20260811,25,1,80,169,13,6,169,6,163,11,50.8125,588,1.0,productive,0,80,1,1,1,0,1,0,1,0
20260811,25,2,60,13,10,9,6,6,0,71,1414.8333333333333,16191,1.0,stagnant,0,140,1,0,1,0,1,0,1,0
20260811,25,3,60,10,28,3,6,3,3,4,289.76666666666665,5338,1.0,productive,0,200,1,0,1,0,1,0,1,0
20260811,25,4,60,28,263,2,3,2,1,40,466.85,8127,1.0,productive,0,260,1,0,1,0,1,0,1,0
20260811,25,5,60,263,13,1,2,1,1,27,305.15,4171,1.0,productive,0,320,1,0,1,0,1,0,1,0
20260811,25,6,51,13,0,0,1,0,1,0,397.70588235294116,5171,1.0,productive,1,371,0,,0,,0,,0,
20260811,26,1,80,130,4,2,130,2,128,3,33.35,332,1.0,productive,0,80,1,1,1,0,1,0,1,0
20260811,26,2,60,4,6,4,2,2,0,63,1356.9333333333334,16072,1.0,regressive,0,140,1,0,1,0,1,0,1,0
20260811,26,3,60,6,188,1,2,1,1,17,360.0833333333333,6720,0.95,productive,0,200,1,1,1,1,1,1,1,1
20260811,26,4,60,188,200,3,1,1,0,77,331.4,5662,1.0,regressive,0,260,1,1,1,1,1,1,1,1
20260811,26,5,60,200,21,9,1,1,0,137,107.93333333333334,1182,1.0,stagnant,0,320,1,1,1,1,1,1,1,1
20260811,26,6,60,21,9,2,1,1,0,197,345.55,6719,1.0,stagnant,0,380,1,1,1,1,1,1,1,1
20260811,26,7,60,9,575,3,1,1,0,257,435.4166666666667,5136,1.0,regressive,0,440,1,1,1,1,1,1,1,1
20260811,26,8,60,575,121,3,1,1,0,317,394.78333333333336,5478,1.0,stagnant,0,500,1,1,1,1,1,1,1,1
20260811,26,9,60,121,24,6,1,1,0,377,306.9,4817,1.0,stagnant,0,560,1,1,1,1,1,1,1,1
20260811,26,10,60,24,192,5,1,1,0,437,304.45,3617,1.0,regressive,0,620,1,1,1,1,1,1,1,1
20260811,26,11,60,192,4,1,1,1,0,497,341.25,5882,1.0,stagnant,0,680,1,1,1,1,1,1,1,1
20260811,26,12,60,4,216,1,1,1,0,557,480.8833333333333,9150,0.9833333333333333,regressive,0,740,1,1,1,1,1,1,1,1
20260811,26,13,60,216,9,1,1,1,0,617,339.0833333333333,6133,0.9666666666666667,stagnant,0,800,1,1,1,1,1,1,1,1
20260811,26,14,60,9,12,1,1,1,0,677,457.01666666666665,10118,1.0,regressive,0,860,1,1,1,1,1,1,1,1
20260811,26,15,60,12,290,3,1,1,0,737,534.6666666666666,9850,1.0,regressive,0,920,1,1,1,1,1,1,1,1
20260811,26,16,60,290,452,1,1,1,0,797,182.46666666666667,1699,0.95,regressive,0,980,1,1,1,1,1,1,1,1
20260811,26,17,60,452,25,2,1,1,0,857,383.65,6473,1.0,stagnant,0,1040,1,1,1,1,1,1,1,1
20260811,26,18,60,25,13,3,1,1,0,917,469.3333333333333,8188,1.0,stagnant,0,1100,1,1,1,1,1,1,1,1
20260811,26,19,60,13,7,4,1,1,0,977,388.46666666666664,6465,1.0,stagnant,0,1160,1,1,1,1,1,1,1,1
20260811,26,20,60,7,8,2,1,1,0,1037,351.93333333333334,5794,1.0,regressive,0,1220,1,1,1,1,1,1,1,1
20260811,26,21,60,8,16,1,1,1,0,1097,504.56666666666666,8964,0.9833333333333333,regressive,0,1280,1,1,1,1,1,1,1,1
20260811,26,22,60,16,227,1,1,1,0,1157,445.65,7067,0.9833333333333333,regressive,0,1340,1,1,1,1,1,1,1,1
20260811,26,23,60,227,32,1,1,1,0,1217,339.78333333333336,3065,1.0,stagnant,0,1400,1,1,1,1,1,1,1,1
20260811,26,24,60,32,452,1,1,1,0,1277,297.21666666666664,2193,1.0,regressive,0,1460,1,1,1,1,1,1,1,1
20260811,26,25,60,452,12,1,1,1,0,1337,298.56666666666666,3314,1.0,stagnant,0,1520,1,1,1,1,1,1,1,1
20260811,26,26,60,12,12,1,1,1,0,1397,469.43333333333334,9948,1.0,stagnant,0,1580,1,1,1,1,1,1,1,1
20260811,26,27,60,12,33,2,1,1,0,1457,337.6666666666667,6836,1.0,regressive,0,1640,1,1,1,1,1,1,1,1
20260811,26,28,60,33,14,8,1,1,0,1517,295.8666666666667,5404,1.0,stagnant,0,1700,1,1,1,1,1,1,1,1
20260811,26,29,60,14,307,2,1,1,0,1577,293.1333333333333,4282,0.9833333333333333,regressive,0,1760,1,1,1,1,1,1,1,1
20260811,26,30,60,307,215,2,1,1,0,1637,377.21666666666664,5823,1.0,stagnant,0,1820,1,1,1,1,0,,1,1
20260811,26,31,60,215,81,1,1,1,0,1697,456.3666666666667,5141,1.0,stagnant,0,1880,1,1,0,,0,,0,
20260811,26,32,60,81,15,11,1,1,0,1757,188.1,1116,1.0,stagnant,0,1940,0,,0,,0,,0,
20260811,27,1,80,184,9,4,184,4,180,1,57.0625,720,1.0,productive,0,80,1,0,1,0,1,0,1,0
20260811,27,2,60,9,220,3,4,3,1,14,1465.6,16371,1.0,productive,0,140,1,1,1,1,1,1,1,1
20260811,27,3,60,220,15,5,3,3,0,74,194.86666666666667,1750,1.0,stagnant,0,200,1,1,1,1,1,0,1,1
20260811,27,4,60,15,48,7,3,3,0,134,372.93333333333334,8599,1.0,regressive,0,260,1,1,1,0,1,0,1,0
20260811,27,5,60,48,29,16,3,3,0,194,278.23333333333335,4685,1.0,stagnant,0,320,1,0,1,0,1,0,1,0
20260811,27,6,14,29,0,0,3,0,3,0,336.5,1971,1.0,productive,1,334,0,,0,,0,,0,
20260811,28,1,80,170,2,2,170,2,168,16,50.25,435,1.0,productive,0,80,1,0,1,0,1,0,1,0
20260811,28,2,60,2,7,1,2,1,1,40,1207.9333333333334,16123,0.9833333333333333,productive,0,140,1,1,1,1,1,1,1,1
20260811,28,3,60,7,11,4,1,1,0,100,407.01666666666665,9473,1.0,regressive,0,200,1,1,1,1,1,1,1,1
20260811,28,4,60,11,386,2,1,1,0,160,457.28333333333336,8981,1.0,regressive,0,260,1,1,1,1,1,1,1,1
20260811,28,5,60,386,25,6,1,1,0,220,235.9,3943,1.0,stagnant,0,320,1,1,1,1,1,1,1,1
20260811,28,6,60,25,13,7,1,1,0,280,279.8333333333333,2150,1.0,stagnant,0,380,1,1,1,1,1,0,1,1
20260811,28,7,60,13,11,3,1,1,0,340,103.21666666666667,1380,1.0,stagnant,0,440,1,1,1,0,1,0,1,0
20260811,28,8,60,11,3,2,1,1,0,400,344.45,6147,1.0,stagnant,0,500,1,0,1,0,1,0,1,0
20260811,28,9,38,3,0,0,1,0,1,0,329.92105263157896,5952,1.0,productive,1,538,0,,0,,0,,0,
20260811,29,1,34,120,0,0,120,0,120,0,35.44117647058823,252,1.0,productive,1,34,0,,0,,0,,0,
20260811,30,1,31,192,0,0,192,0,192,0,96.29032258064517,660,1.0,productive,1,31,0,,0,,0,,0,
20260811,31,1,57,202,0,0,202,0,202,0,77.78947368421052,624,1.0,productive,1,57,0,,0,,0,,0,
20260812,0,1,63,237,0,0,237,0,237,0,122.3015873015873,906,0.9841269841269841,productive,1,63,0,,0,,0,,0,
20260812,1,1,56,151,0,0,151,0,151,0,34.392857142857146,355,0.9642857142857143,productive,1,56,0,,0,,0,,0,
20260812,2,1,80,123,3,2,123,2,121,41,31.0125,295,1.0,productive,0,80,1,0,1,0,1,0,1,0
20260812,2,2,16,3,0,0,2,0,2,0,4968.4375,16252,1.0,productive,1,96,0,,0,,0,,0,
20260812,3,1,80,148,6,2,148,2,146,3,43.0375,362,1.0,productive,0,80,1,0,1,0,1,0,1,0
20260812,3,2,60,6,40,1,2,1,1,23,1310.9166666666667,16621,0.95,productive,0,140,1,0,1,0,1,0,1,0
20260812,3,3,20,40,0,0,1,0,1,0,710.2,6896,1.0,productive,1,160,0,,0,,0,,0,
20260812,4,1,64,154,0,0,154,0,154,0,56.328125,427,1.0,productive,1,64,0,,0,,0,,0,
20260812,5,1,27,152,0,0,152,0,152,0,66.22222222222223,400,1.0,productive,1,27,0,,0,,0,,0,
20260812,6,1,80,165,19,9,165,9,156,10,52.125,505,1.0,productive,0,80,1,0,1,0,1,0,1,0
20260812,6,2,60,19,2,1,9,1,8,8,1341.7166666666667,15929,1.0,productive,0,140,1,0,1,0,1,0,1,0
20260812,6,3,47,2,0,0,1,0,1,0,608.1276595744681,10993,1.0,productive,1,187,0,,0,,0,,0,
20260812,7,1,80,212,8,8,212,8,204,12,73.2625,800,1.0,productive,0,80,1,1,1,0,1,0,1,0
20260812,7,2,60,8,25,10,8,8,0,72,701.9666666666667,14238,1.0,regressive,0,140,1,0,1,0,1,0,1,0
20260812,7,3,60,25,9,1,8,1,7,43,296.51666666666665,4925,1.0,productive,0,200,1,0,1,0,1,0,1,0
20260812,7,4,34,9,0,0,1,0,1,0,414.88235294117646,6663,1.0,productive,1,234,0,,0,,0,,0,
20260812,8,1,79,148,0,0,148,0,148,0,49.075949367088604,381,1.0,productive,1,79,0,,0,,0,,0,
20260812,9,1,58,173,0,0,173,0,173,0,86.75862068965517,752,1.0,productive,1,58,0,,0,,0,,0,
20260812,10,1,36,187,0,0,187,0,187,0,67.97222222222223,465,1.0,productive,1,36,0,,0,,0,,0,
20260812,11,1,48,175,0,0,175,0,175,0,58.229166666666664,487,1.0,productive,1,48,0,,0,,0,,0,
20260812,12,1,80,208,19,9,208,9,199,47,76.425,877,1.0,productive,0,80,1,0,1,0,1,0,1,0
20260812,12,2,19,19,0,0,9,0,9,0,3989.842105263158,16355,1.0,productive,1,99,0,,0,,0,,0,
20260812,13,1,80,166,21,11,166,11,155,22,47.325,505,1.0,productive,0,80,1,0,1,0,1,0,1,0
20260812,13,2,60,21,74,8,11,8,3,37,1464.0333333333333,15951,1.0,productive,0,140,1,0,1,0,1,0,1,0
20260812,13,3,33,74,0,0,8,0,8,0,158.4848484848485,2105,1.0,productive,1,173,0,,0,,0,,0,
20260812,14,1,80,193,2,1,193,1,192,32,40.9375,544,0.975,productive,0,80,1,1,1,1,1,1,1,1
20260812,14,2,60,2,63,8,1,1,0,92,1321.8166666666666,16489,1.0,regressive,0,140,1,1,1,1,1,1,1,1
20260812,14,3,60,63,21,5,1,1,0,152,178.88333333333333,2485,1.0,stagnant,0,200,1,1,1,1,1,1,1,1
20260812,14,4,60,21,9,1,1,1,0,212,294.8833333333333,6929,1.0,stagnant,0,260,1,1,1,1,1,0,1,1
20260812,14,5,60,9,8,2,1,1,0,272,384.3833333333333,8243,1.0,stagnant,0,320,1,1,1,0,1,0,1,0
20260812,14,6,60,8,6,1,1,1,0,332,280.0,4432,0.95,stagnant,0,380,1,0,1,0,1,0,1,0
20260812,14,7,23,6,0,0,1,0,1,0,674.4782608695652,7484,1.0,productive,1,403,0,,0,,0,,0,
20260812,15,1,80,222,9,5,222,5,217,1,79.1625,789,1.0,productive,0,80,1,1,1,0,1,0,1,0
20260812,15,2,60,9,25,12,5,5,0,61,804.65,15715,1.0,regressive,0,140,1,0,1,0,1,0,1,0
20260812,15,3,60,25,3,2,5,2,3,35,256.75,3291,0.9833333333333333,productive,0,200,1,1,1,1,1,1,1,1
20260812,15,4,60,3,177,2,2,2,0,95,415.4166666666667,9359,0.9833333333333333,regressive,0,260,1,1,1,1,1,1,1,1
20260812,15,5,60,177,7,4,2,2,0,155,257.53333333333336,1973,1.0,stagnant,0,320,1,1,1,1,1,0,1,1
20260812,15,6,60,7,2,2,2,2,0,215,430.8,8356,1.0,stagnant,0,380,1,1,1,0,1,0,1,0
20260812,15,7,60,2,5,2,2,2,0,275,340.68333333333334,6388,1.0,regressive,0,440,1,0,1,0,1,0,1,0
20260812,15,8,60,5,13,1,2,1,1,39,510.95,10093,1.0,productive,0,500,1,1,1,1,1,0,1,1
20260812,15,9,60,13,7,1,1,1,0,99,400.9,8184,1.0,stagnant,0,560,1,1,1,0,1,0,1,0
20260812,15,10,60,7,4,4,1,1,0,159,321.8666666666667,7084,1.0,stagnant,0,620,1,0,1,0,1,0,1,0
20260812,15,11,21,4,0,0,1,0,1,0,746.1428571428571,7333,1.0,productive,1,641,0,,0,,0,,0,
20260812,16,1,71,231,0,0,231,0,231,0,119.4225352112676,989,1.0,productive,1,71,0,,0,,0,,0,
20260812,17,1,55,175,0,0,175,0,175,0,69.0909090909091,575,0.9818181818181818,productive,1,55,0,,0,,0,,0,
20260812,18,1,59,157,0,0,157,0,157,0,67.2542372881356,478,1.0,productive,1,59,0,,0,,0,,0,
20260812,19,1,80,140,7,6,140,6,134,43,41.275,333,1.0,productive,0,80,1,0,1,0,1,0,1,0
20260812,19,2,26,7,0,0,6,0,6,0,3031.153846153846,16383,0.9615384615384616,productive,1,106,0,,0,,0,,0,
20260812,20,1,80,160,15,10,160,10,150,2,71.8875,506,1.0,productive,0,80,1,0,1,0,1,0,1,0
20260812,20,2,60,15,33,4,10,4,6,5,1332.8,16585,1.0,productive,0,140,1,0,1,0,1,0,1,0
20260812,20,3,60,33,28,3,4,3,1,35,402.65,6217,1.0,productive,0,200,1,1,1,1,1,1,1,1
20260812,20,4,60,28,5,3,3,3,0,95,419.68333333333334,6643,1.0,stagnant,0,260,1,1,1,1,1,0,1,1
20260812,20,5,60,5,10,4,3,3,0,155,435.3833333333333,9268,1.0,regressive,0,320,1,1,1,0,1,0,1,0
20260812,20,6,60,10,17,5,3,3,0,215,395.3333333333333,8171,1.0,regressive,0,380,1,0,1,0,1,0,1,0
20260812,20,7,60,17,169,2,3,2,1,16,412.2,6581,0.9833333333333333,productive,0,440,1,0,1,0,1,0,1,0
20260812,20,8,60,169,2,1,2,1,1,1,139.51666666666668,1833,1.0,productive,0,500,1,1,1,0,1,0,1,0
20260812,20,9,60,2,10,1,1,1,0,61,413.98333333333335,8058,0.9833333333333333,regressive,0,560,1,0,1,0,1,0,1,0
20260812,20,10,56,10,0,0,1,0,1,0,273.44642857142856,5698,1.0,productive,1,616,0,,0,,0,,0,
20260812,21,1,48,153,0,0,153,0,153,0,40.479166666666664,428,1.0,productive,1,48,0,,0,,0,,0,
20260812,22,1,80,188,7,2,188,2,186,29,43.7625,606,1.0,productive,0,80,1,0,1,0,1,0,1,0
20260812,22,2,36,7,0,0,2,0,2,0,2193.4166666666665,16453,0.9722222222222222,productive,1,116,0,,0,,0,,0,
20260812,23,1,34,191,0,0,191,0,191,0,85.17647058823529,577,1.0,productive,1,34,0,,0,,0,,0,
20260812,24,1,80,209,7,3,209,3,206,1,80.825,792,1.0,productive,0,80,1,0,1,0,1,0,1,0
20260812,24,2,60,7,7,2,3,2,1,36,576.9833333333333,13855,1.0,productive,0,140,1,1,1,1,1,1,1,1
20260812,24,3,60,7,12,4,2,2,0,96,258.4166666666667,4979,1.0,regressive,0,200,1,1,1,1,1,0,1,1
20260812,24,4,60,12,4,3,2,2,0,156,349.26666666666665,6285,1.0,stagnant,0,260,1,1,1,0,1,0,1,0
20260812,24,5,60,4,18,6,2,2,0,216,427.15,8321,1.0,regressive,0,320,1,0,1,0,1,0,1,0
20260812,24,6,60,18,139,1,2,1,1,40,400.03333333333336,7485,0.9833333333333333,productive,0,380,1,0,1,0,1,0,1,0
20260812,24,7,37,139,0,0,1,0,1,0,276.5945945945946,4512,1.0,productive,1,417,0,,0,,0,,0,
20260812,25,1,80,213,2,1,213,1,212,53,36.825,775,0.9625,productive,0,80,1,0,1,0,1,0,1,0
20260812,25,2,53,2,0,0,1,0,1,0,1676.6603773584907,16595,1.0,productive,1,133,0,,0,,0,,0,
20260812,26,1,78,189,0,0,189,0,189,0,68.75641025641026,653,1.0,productive,1,78,0,,0,,0,,0,
20260812,27,1,64,210,0,0,210,0,210,0,73.078125,786,1.0,productive,1,64,0,,0,,0,,0,
20260812,28,1,48,167,0,0,167,0,167,0,56.75,468,1.0,productive,1,48,0,,0,,0,,0,
20260812,29,1,80,147,14,8,147,8,139,22,43.3125,398,1.0,productive,0,80,1,0,1,0,1,0,1,0
20260812,29,2,30,14,0,0,8,0,8,0,730.1333333333333,9701,1.0,productive,1,110,0,,0,,0,,0,
20260812,30,1,79,176,0,0,176,0,176,0,48.74683544303797,612,1.0,productive,1,79,0,,0,,0,,0,
20260812,31,1,80,185,4,4,185,4,181,0,57.9,620,1.0,productive,0,80,1,0,1,0,1,0,1,0
20260812,31,2,60,4,13,1,4,1,3,14,1277.0166666666667,16227,1.0,productive,0,140,1,1,1,1,1,0,1,1
20260812,31,3,60,13,14,1,1,1,0,74,406.18333333333334,8414,0.9833333333333333,regressive,0,200,1,1,1,0,1,0,1,0
20260812,31,4,60,14,12,5,1,1,0,134,296.1333333333333,5357,1.0,stagnant,0,260,1,0,1,0,1,0,1,0
20260812,31,5,58,12,0,0,1,0,1,0,200.05172413793105,5203,1.0,productive,1,318,0,,0,,0,,0,
