sample_seed,shot,trajectory,shot_class,relay_leg,starting_residual,minimum_residual,ending_residual,iterations_used,net_residual_improvement,best_residual_improvement,converged,improved_previous_global_best,classification,residual_increases,equal_residual_iterations,decision_changes,longest_no_improvement_at_end,mean_belief_abs,mean_close_fraction
20260809,31,E0,easy,1,153,0,0,54,153,153,1,1,productive,18,9,1844,18,3338.5008278236965,0.0001495104148900347
20260809,31,E1,easy,1,153,0,0,54,153,153,1,1,productive,18,9,1844,18,3338.5008278236965,0.0001495104148900347
20260810,15,E0,easy,1,131,0,0,31,131,131,1,1,productive,9,2,1179,5,621.1821969435575,0.00015664339393385362
20260810,15,E1,easy,1,131,0,0,31,131,131,1,1,productive,9,2,1179,5,621.1821969435575,0.00015664339393385362
20260811,6,E0,easy,1,144,0,0,39,144,144,1,1,productive,13,0,1625,16,1658.160120046375,0.0001445694856959469
20260811,6,E1,easy,1,144,0,0,39,144,144,1,1,productive,13,0,1625,16,1658.160120046375,0.0001445694856959469
20260809,2,E0,typical,1,216,0,0,49,216,216,1,1,productive,13,7,3969,15,1904.9303477031342,0.00028555524228820117
20260809,2,E1,typical,1,216,0,0,49,216,216,1,1,productive,13,7,3969,15,1904.9303477031342,0.00028555524228820117
20260810,22,E0,typical,1,138,0,0,42,138,138,1,1,productive,10,1,2434,4,354.4027006469508,0.00023088406457163097
20260810,22,E1,typical,1,138,0,0,42,138,138,1,1,productive,10,1,2434,4,354.4027006469508,0.00023088406457163097
20260811,25,E0,moderately_hard,1,169,4,14,80,155,165,0,1,productive,35,4,3728,44,221054.7368542861,0.00022545459912622507
20260811,25,E0,moderately_hard,2,14,4,23,60,-9,10,0,0,regressive,19,7,111008,104,27205.63957502932,0.0018137225961349231
20260811,25,E0,moderately_hard,3,23,6,209,60,-186,17,0,0,regressive,25,4,18161,164,166.7758487549296,0.0005817786436808754
20260811,25,E0,moderately_hard,4,209,2,31,60,178,207,0,1,productive,21,5,15222,184,181.766041838562,0.0006764867949777619
20260811,25,E0,moderately_hard,5,31,4,10,60,21,27,0,0,productive,22,3,14595,184,189.4200881816559,0.00042827764002046677
20260811,25,E0,moderately_hard,6,10,5,6,60,4,5,0,0,productive,23,5,25216,184,171.25466848964223,0.0006206458849923252
20260811,25,E0,moderately_hard,7,6,5,40,60,-34,1,0,0,regressive,28,5,20754,219,155.5501303909917,0.0005466013303420317
20260811,25,E0,moderately_hard,8,40,0,0,20,40,40,1,1,productive,7,0,2104,238,130.31717901954607,0.0005542271814854175
20260811,25,E1,moderately_hard,1,169,4,14,80,155,165,0,1,productive,35,4,3728,44,221054.7368542861,0.00022545459912622507
20260811,25,E1,moderately_hard,2,14,8,19,60,-5,6,0,0,regressive,20,6,107982,104,27124.702316093608,0.0016577616404927777
20260811,25,E1,moderately_hard,3,19,0,0,19,19,19,1,1,productive,5,1,12888,122,122.6374680336094,0.0006758394391930943
20260812,14,E0,moderately_hard_counterexample,1,193,4,9,80,184,189,0,1,productive,33,4,4672,9,655.568349871733,0.00022250265674814026
20260812,14,E0,moderately_hard_counterexample,2,9,12,181,60,-172,-3,0,0,regressive,26,4,53853,69,203.21542900208473,0.0007224878970362498
20260812,14,E0,moderately_hard_counterexample,3,181,12,17,60,164,169,0,0,productive,28,3,7256,129,139.47030028074266,0.0005739067973393158
20260812,14,E0,moderately_hard_counterexample,4,17,2,8,60,9,15,0,1,productive,25,3,16806,150,161.79875050758253,0.0004595190301885308
20260812,14,E0,moderately_hard_counterexample,5,8,4,9,60,-1,4,0,0,regressive,26,2,22518,150,192.20390024872168,0.0006046561971110324
20260812,14,E0,moderately_hard_counterexample,6,9,4,59,60,-50,5,0,0,regressive,26,3,22990,158,152.28092693054614,0.0006031802259219901
20260812,14,E0,moderately_hard_counterexample,7,59,2,133,60,-74,57,0,0,regressive,23,6,12941,218,174.65118031726732,0.000620645884992325
20260812,14,E0,moderately_hard_counterexample,8,133,2,513,60,-380,131,0,0,regressive,25,8,6062,278,204.1884981207418,0.00045041720785610277
20260812,14,E0,moderately_hard_counterexample,9,513,12,248,60,265,501,0,0,productive,30,2,9950,338,140.20296659570445,0.000484856535600425
20260812,14,E0,moderately_hard_counterexample,10,248,4,132,60,116,244,0,0,productive,24,5,12917,398,159.6748311019414,0.0006007202739402528
20260812,14,E0,moderately_hard_counterexample,11,132,2,51,60,81,130,0,0,productive,28,0,6033,458,177.97614790046342,0.0003507891525957413
20260812,14,E0,moderately_hard_counterexample,12,51,11,12,60,39,40,0,0,productive,23,2,18711,518,146.06347447462548,0.0005881745188333923
20260812,14,E0,moderately_hard_counterexample,13,12,0,0,58,12,12,1,1,productive,18,7,21783,575,176.54206841118977,0.0006514631455083651
20260812,14,E1,moderately_hard_counterexample,1,193,4,9,80,184,189,0,1,productive,33,4,4672,9,655.568349871733,0.00022250265674814026
20260812,14,E1,moderately_hard_counterexample,2,9,5,15,60,-6,4,0,0,regressive,24,6,51668,69,239.3557031758999,0.00045902703979218326
20260812,14,E1,moderately_hard_counterexample,3,15,3,18,60,-3,12,0,1,regressive,26,1,22792,90,159.36986901276757,0.0006491813279804778
20260812,14,E1,moderately_hard_counterexample,4,18,1,4,60,14,17,0,1,productive,23,5,18317,90,160.32952777549497,0.0005101940410123195
20260812,14,E1,moderately_hard_counterexample,5,4,1,13,60,-9,3,0,0,regressive,24,4,26315,90,172.34564739809028,0.0005726768213484472
20260812,14,E1,moderately_hard_counterexample,6,13,4,320,60,-307,9,0,0,regressive,29,2,27413,129,164.15581002231522,0.0007020702955878301
20260812,14,E1,moderately_hard_counterexample,7,320,5,41,60,279,315,0,0,productive,27,2,15155,189,141.64379913209675,0.0006991183532097453
20260812,14,E1,moderately_hard_counterexample,8,41,8,24,60,17,33,0,0,productive,22,4,7759,249,143.61991523508934,0.0006004742787420788
20260812,14,E1,moderately_hard_counterexample,9,24,7,8,60,16,17,0,0,productive,26,4,13433,309,168.00005932000283,0.0005003542330853702
20260812,14,E1,moderately_hard_counterexample,10,8,9,13,60,-5,-1,0,0,regressive,25,4,18539,369,165.08475813831203,0.00035693903255008466
20260812,14,E1,moderately_hard_counterexample,11,13,1,7,60,6,12,0,0,productive,21,6,18837,429,178.51270686650798,0.0005382374936041249
20260812,14,E1,moderately_hard_counterexample,12,7,1,10,60,-3,6,0,0,regressive,21,3,20395,489,187.2444787948116,0.0006695989294288976
20260812,14,E1,moderately_hard_counterexample,13,10,9,11,60,-1,1,0,0,regressive,24,4,14334,549,179.50997053772235,0.0002890443578541347
20260812,14,E1,moderately_hard_counterexample,14,11,1,9,60,2,10,0,0,productive,22,5,24407,609,189.5961939650367,0.0005889125044279135
20260812,14,E1,moderately_hard_counterexample,15,9,5,22,60,-13,4,0,0,regressive,23,4,19242,669,155.8754539799353,0.0005067501082378872
20260812,14,E1,moderately_hard_counterexample,16,22,3,173,60,-151,19,0,0,regressive,26,3,12066,729,150.18239607045652,0.0005643129846105404
20260812,14,E1,moderately_hard_counterexample,17,173,6,10,60,163,167,0,0,productive,24,4,5460,789,166.4991951770399,0.0003960522690597079
20260812,14,E1,moderately_hard_counterexample,18,10,3,9,60,1,7,0,0,productive,20,6,23699,849,172.7634712212943,0.0005832546148699178
20260812,14,E1,moderately_hard_counterexample,19,9,4,21,60,-12,5,0,0,regressive,26,2,18029,909,148.10582126307293,0.0004560750974140985
20260812,14,E1,moderately_hard_counterexample,20,21,8,13,60,8,13,0,0,productive,28,5,19568,969,153.32469396866315,0.000613266029047113
20260812,14,E1,moderately_hard_counterexample,21,13,6,6,60,7,7,0,0,productive,23,4,12467,1029,145.97043136746203,0.00030306608415003736
20260812,14,E1,moderately_hard_counterexample,22,6,6,301,60,-295,0,0,0,regressive,27,1,12083,1089,148.72447778283407,0.000498632266698154
20260812,14,E1,moderately_hard_counterexample,23,301,7,19,60,282,294,0,0,productive,28,6,8571,1149,141.61421632347802,0.0005397134647931671
20260812,14,E1,moderately_hard_counterexample,24,19,1,5,60,14,18,0,0,productive,21,4,8780,1209,166.7284858069124,0.00032815759436375806
20260812,14,E1,moderately_hard_counterexample,25,5,5,10,60,-5,0,0,0,regressive,20,3,29138,1269,160.56539790451544,0.0006046561971110324
20260812,14,E1,moderately_hard_counterexample,26,10,2,28,60,-18,8,0,0,regressive,25,8,16246,1329,154.1353825467152,0.0005485692919274216
20260812,14,E1,moderately_hard_counterexample,27,28,1,54,60,-26,27,0,0,regressive,25,5,4785,1389,156.9398959298797,0.00036431888849529657
20260812,14,E1,moderately_hard_counterexample,28,54,3,9,60,45,51,0,0,productive,24,5,26998,1449,166.37070860769376,0.000670828905419766
20260812,14,E1,moderately_hard_counterexample,29,9,0,0,27,9,9,1,1,productive,8,0,17175,1475,175.49344289189682,0.0004313115807979428
20260811,28,E0,hard_major_improvement,1,170,1,2,80,168,169,0,1,productive,19,27,2505,46,930578.6133651246,0.00016124985240288108
20260811,28,E0,hard_major_improvement,2,2,1,7,60,-5,1,0,0,regressive,24,2,115752,106,115390.14599863121,0.0012995926319518244
20260811,28,E0,hard_major_improvement,3,7,0,0,24,7,7,1,1,productive,6,3,17846,129,156.73687271937274,0.0005184348801511393
20260811,28,E1,hard_major_improvement,1,170,1,2,80,168,169,0,1,productive,19,27,2505,46,930578.6133651246,0.00016124985240288108
20260811,28,E1,hard_major_improvement,2,2,1,43,60,-41,1,0,0,regressive,22,2,121065,106,115639.02833127163,0.001356417522729956
20260811,28,E1,hard_major_improvement,3,43,1,210,60,-167,42,0,0,regressive,30,2,13234,166,179.2742005368012,0.0007212579210453812
20260811,28,E1,hard_major_improvement,4,210,3,3,60,207,207,0,0,productive,19,12,9934,226,179.72110775933052,0.0005281516904790018
20260811,28,E1,hard_major_improvement,5,3,0,0,10,3,3,1,1,productive,2,0,15485,235,106.41246178862654,0.0009298618490967056
20260810,4,E0,severe_success,1,178,27,42,80,136,151,0,1,productive,37,3,9634,21,503.5684525775472,0.0004745247372771284
20260810,4,E0,severe_success,2,42,15,22,60,20,27,0,1,productive,25,3,30468,31,128.22129914151617,0.0005763667493210533
20260810,4,E0,severe_success,3,22,1,5,60,17,21,0,1,productive,22,5,18086,49,171.40116524274393,0.0006258117841539734
20260810,4,E0,severe_success,4,5,7,13,60,-8,-2,0,0,regressive,23,3,19058,88,156.25903006477,0.0004617329869720944
20260810,4,E0,severe_success,5,13,9,18,60,-5,4,0,0,regressive,26,2,16076,148,150.22823686054522,0.00045041720785610266
20260810,4,E0,severe_success,6,18,11,14,60,4,7,0,0,productive,19,6,12308,208,155.91281382012934,0.0006112980674617231
20260810,4,E0,severe_success,7,14,10,24,60,-10,4,0,0,regressive,24,6,17949,268,137.92011310134893,0.0005045361514543236
20260810,4,E0,severe_success,8,24,11,22,60,2,13,0,0,productive,21,7,16865,328,159.9561190401551,0.0005611150470342819
20260810,4,E0,severe_success,9,22,0,0,30,22,22,1,1,productive,8,5,6061,357,197.5349882850789,0.00038424449954736886
20260810,4,E1,severe_success,1,178,27,42,80,136,151,0,1,productive,37,3,9634,21,503.5684525775472,0.0004745247372771284
20260810,4,E1,severe_success,2,42,2,25,60,17,40,0,1,productive,25,2,28679,22,168.43079764781976,0.0005173279017593577
20260810,4,E1,severe_success,3,25,6,62,60,-37,19,0,0,regressive,29,2,17347,76,140.12309726901577,0.0006442614240170033
20260810,4,E1,severe_success,4,62,14,23,60,39,48,0,0,productive,28,2,4210,136,131.84710090161238,0.0003638268980989491
20260810,4,E1,severe_success,5,23,1,460,60,-437,22,0,1,regressive,25,7,17585,177,189.95167408530432,0.0005886665092297398
20260810,4,E1,severe_success,6,460,3,4,60,456,457,0,0,productive,26,1,14087,177,145.15317323618382,0.0007320817097650254
20260810,4,E1,severe_success,7,4,1,12,60,-8,3,0,0,regressive,26,4,17145,177,182.57131597217273,0.0005087180698232772
20260810,4,E1,severe_success,8,12,2,191,60,-179,10,0,0,regressive,26,0,25131,198,142.02897711348407,0.0006764867949777621
20260810,4,E1,severe_success,9,191,9,46,60,145,182,0,0,productive,28,1,8263,258,147.30926534544238,0.000623351832172236
20260810,4,E1,severe_success,10,46,2,4,60,42,44,0,0,productive,24,2,12560,318,143.62369598687127,0.0006831286653284529
20260810,4,E1,severe_success,11,4,4,13,60,-9,0,0,0,regressive,25,5,20649,378,189.07068863407812,0.0005665269413941041
20260810,4,E1,severe_success,12,13,4,29,60,-16,9,0,0,regressive,19,7,23433,438,148.04492285252348,0.0006668929822489863
20260810,4,E1,severe_success,13,29,1,260,60,-231,28,0,0,regressive,27,4,8249,498,172.83730486227412,0.000472064785295391
20260810,4,E1,severe_success,14,260,7,8,60,252,253,0,0,productive,23,2,9364,558,146.19539805968162,0.0003414413350651396
20260810,4,E1,severe_success,15,8,7,43,60,-35,1,0,0,regressive,25,3,19317,618,123.06504943659986,0.0005866985476443501
20260810,4,E1,severe_success,16,43,22,38,60,5,21,0,0,productive,27,0,6787,678,115.43827637588065,0.0005643129846105403
20260810,4,E1,severe_success,17,38,3,23,60,15,35,0,0,productive,23,9,15626,738,156.49120906664655,0.0006223678513795412
20260810,4,E1,severe_success,18,23,1,19,60,4,22,0,0,productive,23,6,13118,798,167.40078169215818,0.00053528555122604
20260810,4,E1,severe_success,19,19,4,23,60,-4,15,0,0,regressive,27,2,11269,858,173.3358829750189,0.000606870153894596
20260810,4,E1,severe_success,20,23,3,90,60,-67,20,0,0,regressive,22,7,15204,918,172.48707155910557,0.0003847364899437164
20260810,4,E1,severe_success,21,90,3,14,60,76,87,0,0,productive,24,1,10020,978,162.87679426644772,0.0006408174912425712
20260810,4,E1,severe_success,22,14,6,6,60,8,8,0,0,productive,24,2,20467,1038,146.91582517065078,0.000558163104656197
20260810,4,E1,severe_success,23,6,2,8,60,-2,4,0,0,regressive,22,7,17178,1098,194.45541043208343,0.00027403865076553716
20260810,4,E1,severe_success,24,8,4,16,60,-8,4,0,0,regressive,24,5,18163,1158,145.0043949576849,0.0005805486676900066
20260810,4,E1,severe_success,25,16,6,275,60,-259,10,0,0,regressive,19,6,19031,1218,173.57463257970366,0.0008713149919313575
20260810,4,E1,severe_success,26,275,7,298,60,-23,268,0,0,regressive,23,1,17623,1278,139.74581032764334,0.0009003424253158578
20260810,4,E1,severe_success,27,298,9,20,60,278,289,0,0,productive,28,3,7624,1338,118.65194256375572,0.000567510922186799
20260810,4,E1,severe_success,28,20,14,24,60,-4,6,0,0,regressive,28,5,12410,1398,122.56178521789943,0.0004339355295784626
20260810,4,E1,severe_success,29,24,0,0,26,24,24,1,1,productive,5,3,7448,1423,163.17171855347095,0.0004984241169150841
20260810,9,E0,severe_success,1,213,51,62,80,151,162,0,1,productive,34,5,16939,41,332.63141581511815,0.0006619730782855118
20260810,9,E0,severe_success,2,62,9,24,60,38,53,0,1,productive,22,3,26652,49,145.7158204010843,0.0006969043964261816
20260810,9,E0,severe_success,3,24,6,9,60,15,18,0,1,productive,22,3,19308,63,175.25635471141842,0.0005832546148699177
20260810,9,E0,severe_success,4,9,7,17,60,-8,2,0,0,regressive,20,5,23518,86,161.46277429436944,0.0006464753808005668
20260810,9,E0,severe_success,5,17,0,0,31,17,17,1,1,productive,9,2,12478,116,188.20033372504696,0.00044183911723591544
20260810,9,E1,severe_success,1,213,51,62,80,151,162,0,1,productive,34,5,16939,41,332.63141581511815,0.0006619730782855118
20260810,9,E1,severe_success,2,62,16,218,60,-156,46,0,1,regressive,25,5,26043,48,169.99067683699923,0.0007293757625851142
20260810,9,E1,severe_success,3,218,4,8,60,210,214,0,1,productive,22,7,11248,48,141.7770330136722,0.000648197347187783
20260810,9,E1,severe_success,4,8,10,11,60,-3,-2,0,0,regressive,24,2,17756,63,135.96601089042733,0.0005463553351438582
20260810,9,E1,severe_success,5,11,11,30,60,-19,0,0,0,regressive,24,2,17553,123,135.1702976642241,0.000609576101074507
20260810,9,E1,severe_success,6,30,6,16,60,14,24,0,0,productive,25,2,10458,183,159.22850325836774,0.0004747707324753021
20260810,9,E1,severe_success,7,16,0,0,35,16,16,1,1,productive,10,2,13093,209,174.7251343142545,0.00041959752374205083
20260809,18,E0,severe_rescue,1,232,2,10,80,222,230,0,1,productive,30,6,5252,21,1199.4105774452225,0.00028209499350572673
20260809,18,E0,severe_rescue,2,10,4,7,60,3,6,0,0,productive,21,3,61411,81,265.3951666525922,0.000862705159995277
20260809,18,E0,severe_rescue,3,7,0,0,47,7,7,1,1,productive,17,4,18990,126,121.64803327762904,0.0006450308132538444
20260809,18,E1,severe_rescue,1,232,2,10,80,222,230,0,1,productive,30,6,5252,21,1199.4105774452225,0.00028209499350572673
20260809,18,E1,severe_rescue,2,10,10,22,60,-12,0,0,0,regressive,21,1,59843,81,239.17238848685287,0.0009010804109103791
20260809,18,E1,severe_rescue,3,22,3,32,60,-10,19,0,0,regressive,23,2,16123,141,146.0228355301415,0.0007094501515330422
20260809,18,E1,severe_rescue,4,32,6,15,60,17,26,0,0,productive,24,7,15295,201,162.01507737695658,0.0006841126461211478
20260809,18,E1,severe_rescue,5,15,2,29,60,-14,13,0,0,regressive,24,2,20101,261,140.93012167735776,0.0005699708741685362
20260809,18,E1,severe_rescue,6,29,3,8,60,21,26,0,0,productive,25,3,11280,321,169.99741286395232,0.0003303715511473216
20260809,18,E1,severe_rescue,7,8,5,5,60,3,3,0,0,productive,25,6,18923,381,160.42621925194516,0.0004959263195182431
20260809,18,E1,severe_rescue,8,5,4,20,60,-15,1,0,0,regressive,22,3,30590,441,145.80861564296174,0.0006750108237887196
20260809,18,E1,severe_rescue,9,20,0,0,50,20,20,1,1,productive,16,3,18899,456,168.40057146736714,0.0006576927618372891
20260810,26,E0,severe_rescue,1,233,0,0,46,233,233,1,1,productive,13,9,4211,10,642.3352069865413,0.0004322028677478478
20260810,26,E1,severe_rescue,1,233,0,0,46,233,233,1,1,productive,13,9,4211,10,642.3352069865413,0.0004322028677478478
20260811,26,E0,severe_rescue,1,130,3,3,80,127,127,0,1,productive,28,12,2079,38,368138.8552632431,0.0001311769394261424
20260811,26,E0,severe_rescue,2,3,2,2,60,1,1,0,1,productive,21,5,115522,97,45884.34898218731,0.0017790372731924275
20260811,26,E0,severe_rescue,3,2,1,392,60,-390,1,0,1,regressive,30,11,29888,97,259.4751750803024,0.000628763726532058
20260811,26,E0,severe_rescue,4,392,6,278,60,114,386,0,0,productive,30,0,12479,101,168.35449248818844,0.0005254457432990908
20260811,26,E0,severe_rescue,5,278,2,17,60,261,276,0,0,productive,18,7,19464,161,189.45743487828764,0.0006996103436060928
20260811,26,E0,severe_rescue,6,17,0,0,32,17,17,1,1,productive,8,3,12472,192,184.76204240761837,0.0003583842543393553
20260811,26,E1,severe_rescue,1,130,3,3,80,127,127,0,1,productive,28,12,2079,38,368138.8552632431,0.0001311769394261424
20260811,26,E1,severe_rescue,2,3,3,14,60,-11,0,0,0,regressive,24,3,119252,98,45717.575853204224,0.0017987168890463258
20260811,26,E1,severe_rescue,3,14,1,243,60,-229,13,0,1,regressive,23,8,25973,109,231.5863191815683,0.0008403195969614672
20260811,26,E1,severe_rescue,4,243,2,110,60,133,241,0,0,productive,27,5,13308,109,196.81532107205646,0.0006858346125083639
20260811,26,E1,severe_rescue,5,110,1,149,60,-39,109,0,0,regressive,26,6,18543,165,195.23697941658105,0.0006912465068681858
20260811,26,E1,severe_rescue,6,149,2,22,60,127,147,0,0,productive,25,3,15284,225,177.70597458509627,0.0006221218561813673
20260811,26,E1,severe_rescue,7,22,5,260,60,-238,17,0,0,regressive,26,5,20105,285,182.15966464624748,0.0007953024756956744
20260811,26,E1,severe_rescue,8,260,4,182,60,78,256,0,0,productive,26,5,19328,345,173.57864134364928,0.0007908745621285473
20260811,26,E1,severe_rescue,9,182,1,8,60,174,181,0,0,productive,25,8,9317,405,238.30343887834903,0.0005069961034360609
20260811,26,E1,severe_rescue,10,8,1,172,60,-164,7,0,0,regressive,27,6,27223,465,196.35391209535953,0.0005264297240917857
20260811,26,E1,severe_rescue,11,172,2,171,60,1,170,0,0,productive,29,2,23484,525,236.63016508307592,0.0008270358562600857
20260811,26,E1,severe_rescue,12,171,4,21,60,150,167,0,0,productive,26,1,17647,585,172.60328385970382,0.0009094442476482859
20260811,26,E1,severe_rescue,13,21,1,147,60,-126,20,0,0,regressive,27,4,14037,645,190.730512648534,0.0007748848742472547
20260811,26,E1,severe_rescue,14,147,5,21,60,126,142,0,0,productive,24,5,12356,705,163.09713462494219,0.0006415554768370922
20260811,26,E1,severe_rescue,15,21,6,11,60,10,15,0,0,productive,24,4,20455,765,187.6474873675294,0.0005958003699767781
20260811,26,E1,severe_rescue,16,11,5,18,60,-7,6,0,0,regressive,24,3,25873,825,157.61715425281142,0.0005470933207383792
20260811,26,E1,severe_rescue,17,18,4,6,60,12,14,0,0,productive,22,7,15820,885,153.51951874988927,0.00037957059078206793
20260811,26,E1,severe_rescue,18,6,1,1,60,5,5,0,0,productive,23,5,23220,945,210.05414730137804,0.0005352855512260402
20260811,26,E1,severe_rescue,19,1,1,8,60,-7,0,0,0,regressive,21,5,20477,1005,191.48358449755904,0.0005138839689849254
20260811,26,E1,severe_rescue,20,8,1,6,60,2,7,0,0,productive,22,5,13683,1065,174.59727076476284,0.0005515212343055064
20260811,26,E1,severe_rescue,21,6,0,0,43,6,6,1,1,productive,17,7,20176,1107,210.32407149528757,0.0006937064588499234
