case_id,sample_seed,shot,gamma_seed,syndrome_hash,logical_outcome_hash,classification,archive_reproduction,original_converged,partitioned_converged,original_syndrome_valid,partitioned_syndrome_valid,original_logical_correct,partitioned_logical_correct,original_iterations,partitioned_iterations,original_relay_legs,partitioned_relay_legs,original_final_residual,partitioned_final_residual,original_candidate_weight,partitioned_candidate_weight,candidate_weight_delta,correction_hash,partitioned_inverse_correction_hash,correction_exact,logical_action_exact,trace_exact,trace_iterations_compared,final_rng_state,accepted_gamma_count,accepted_gamma_sequence_hash,original_runtime_seconds,partitioned_runtime_seconds,first_trace_difference
20260809_000,20260809,0,8797755741708845560,809728c63175a221bdabe78232f505c69225402f09a3a46dd515ca176868671a,7e69d10359af14323ef4bf7f2eec044ddcbe3c4983de5ed9b3858c2ef3e2f6dc,EXACT MATCH,True,1,1,1,1,1,1,37,37,1,1,0,0,305.55001081021453,305.55001081021464,1.1368683772161603e-13,73b1f6e9e79dfbf8041dda28045d7b56f15017183ad50e5ccca95fa145b1600c,73b1f6e9e79dfbf8041dda28045d7b56f15017183ad50e5ccca95fa145b1600c,True,True,True,37,8797755741708845560,0,b1f44c4a0fb9a1844cb3161bbf64eb5ea67b5bf8c5a5ea4f2bab88b4dd19d4e2,3.808661208022386,3.728795667004306,null
20260809_001,20260809,1,12605300877999184540,166b15a81799b71c1c2ab601d1eea264cb1034275fa57bde52c0a7d87bdbb846,e461832bf49f723091624dcc5636e4dcc4f0c2c47272f76a3610c59d5c0c2720,EXACT MATCH,True,1,1,1,1,1,1,51,51,1,1,0,0,301.4131020079944,301.41310200799444,5.684341886080802e-14,2c03672ccbabaa92b2ecc8fc2c374a3e42cd125b284642e586b238df3497ef3c,2c03672ccbabaa92b2ecc8fc2c374a3e42cd125b284642e586b238df3497ef3c,True,True,True,51,12605300877999184540,0,b1f44c4a0fb9a1844cb3161bbf64eb5ea67b5bf8c5a5ea4f2bab88b4dd19d4e2,5.081937374983681,5.891872041975148,null
20260809_002,20260809,2,2266240012809103972,82b23d5bf20f75d64b81ce16a7d1b92ec6fb74c8800fd8908ce535cb20deaf60,16418623d44a0ed847bcc99bdd47e4482448a2e52ca6298f18d63d2dec7a5634,EXACT MATCH,True,1,1,1,1,1,1,74,74,1,1,0,0,390.05367717959547,390.05367717959547,0.0,6f69b008eda47953b63511084918469db441e27dad254144ce0ecbd20553fa78,6f69b008eda47953b63511084918469db441e27dad254144ce0ecbd20553fa78,True,True,True,74,2266240012809103972,0,b1f44c4a0fb9a1844cb3161bbf64eb5ea67b5bf8c5a5ea4f2bab88b4dd19d4e2,1.719267000007676,1.6989569999859668,null
20260809_003,20260809,3,11596314071846552675,eb551b821cb26ac287b9bd9601e868a2a182e59e46c3f230199b0799559d6aca,5d3bade67a75582b3a1276fff4965603aacce99d17875fc2893fcae5b7a04c51,EXACT MATCH,True,1,1,1,1,1,1,56,56,1,1,0,0,355.07409456717556,355.0740945671755,-5.684341886080802e-14,3f565720423504df11a016a74e1f4e57820127c26766dafeedd4346fca95cec3,3f565720423504df11a016a74e1f4e57820127c26766dafeedd4346fca95cec3,True,True,True,56,11596314071846552675,0,b1f44c4a0fb9a1844cb3161bbf64eb5ea67b5bf8c5a5ea4f2bab88b4dd19d4e2,5.608518458000617,8.008441333018709,null
20260809_004,20260809,4,10141677951677065804,88b0232431c3ba6a2ea126679ed4feab56855bb830cd6697f80fab501aa06336,d094939805b9135df6af5f768bdd216743edb9b215f402a2b5842354624885bc,EXACT MATCH,True,1,1,1,1,1,1,53,53,1,1,0,0,319.88950307662157,319.88950307662157,0.0,4e4cd8a484f9e1dde90c69a06382cf5a9d900a8f1f9c6c542949ec18facc1a92,4e4cd8a484f9e1dde90c69a06382cf5a9d900a8f1f9c6c542949ec18facc1a92,True,True,True,53,10141677951677065804,0,b1f44c4a0fb9a1844cb3161bbf64eb5ea67b5bf8c5a5ea4f2bab88b4dd19d4e2,5.357514083996648,6.753345459001139,null
20260809_005,20260809,5,8763808320666350717,e97455f276f007073207e17c575f1ce4ce4a50b6020809b8126a3b9903872a1b,b8a9b66ecf8af158c7927d93c155e6c5f424aae220e1e2036457a9141ba6bdbd,EXACT MATCH,True,1,1,1,1,1,1,171,171,3,3,0,0,316.84328107015574,316.8432810701557,-5.684341886080802e-14,d5cccad9670c444776935de893dde5ccb43edb40fd5bb46fce23ab41e0605d3c,d5cccad9670c444776935de893dde5ccb43edb40fd5bb46fce23ab41e0605d3c,True,True,True,171,9031751074107457166,135504,5619ef3658cfc814721ea5e5ab07d450a8c0f3ef248bae3de3f3182ec31bd858,20.858568124996964,18.057419999997364,null
20260809_006,20260809,6,16046846968248299819,6915cccea23d20cacad8f8576f728e62387110f353b22570443b885966705747,491e503ba40e8d303d46b4b51b14826ae08e8c8c3ded6f1441ef1d5d53c42534,EXACT MATCH,True,1,1,1,1,1,1,344,344,6,6,0,0,336.4875143954213,336.4875143954213,0.0,aa23a114bf86a6d0fb16c51dfec7348a9c899830793b834fab1d15a2fb38671b,aa23a114bf86a6d0fb16c51dfec7348a9c899830793b834fab1d15a2fb38671b,True,True,True,344,16872956026041370963,338760,ccfcc41cf0a4dbbc6f2376307c0dea02f8f7bd2b768fc79b6bb9e44030068e66,38.8640672499896,37.66018454200821,null
20260809_007,20260809,7,14472511681705215893,d7d2e5bc152e605a287527b1d89f7b29c3570c37ca53e46a30e079b6db5673c7,0e3bdfef7f1cf00965b73016d8fbbe07b2f1fa7df57d4369ba552574fa6edfd0,EXACT MATCH,True,1,1,1,1,1,1,56,56,1,1,0,0,357.31860687854106,357.31860687854106,0.0,19c1b07f7e312cc1857a4e2c70fd8d0dd5988593af63394178ce5128504416c2,19c1b07f7e312cc1857a4e2c70fd8d0dd5988593af63394178ce5128504416c2,True,True,True,56,14472511681705215893,0,b1f44c4a0fb9a1844cb3161bbf64eb5ea67b5bf8c5a5ea4f2bab88b4dd19d4e2,6.4612557090003975,5.7072269579803105,null
20260809_008,20260809,8,4195653764737705966,b7a8cc09030bcfa2e854e82f8c8f158b4daca6b1c82bd9ebe3565d678d713198,810ec9dd94477aeb42f7efff2ce01c4e5f1c091b09fb1b7e5534fa9b58a4109d,EXACT MATCH,True,1,1,1,1,1,1,54,54,1,1,0,0,337.51386556784337,337.5138655678433,-5.684341886080802e-14,40454c98a78eeac32c8fa03200f79fc39192fc41e6873e2b66a9cfcc91ce5440,40454c98a78eeac32c8fa03200f79fc39192fc41e6873e2b66a9cfcc91ce5440,True,True,True,54,4195653764737705966,0,b1f44c4a0fb9a1844cb3161bbf64eb5ea67b5bf8c5a5ea4f2bab88b4dd19d4e2,5.461170333001064,5.919670625007711,null
20260809_009,20260809,9,4113981703839189640,36d8b4a67fb725106f7321760eb7167fe137b6c5cb252972fba48989f22ac4a2,786c2e62da0da96eb36c5a9b45669c5cf531b8d0f3fcac5a4efba57f4d5b4db9,EXACT MATCH,True,1,1,1,1,1,1,117,117,2,2,0,0,365.4345292638636,365.4345292638636,0.0,3a5cb3bdcb1b491e5b3ee7b86d28145a11f4502e769e50c5b8494e9e4870b597,3a5cb3bdcb1b491e5b3ee7b86d28145a11f4502e769e50c5b8494e9e4870b597,True,True,True,117,18317648583498363007,67752,646b1ab1ac98ef1970ccd8e119915fe35271f6eda9e5dccdf2f149e83614a8ce,13.021410165994894,12.628984792012488,null
20260809_010,20260809,10,17802734268392651266,74cd7c06b824e534bd8c45e1e264c9ce52a7ba58cec19468ec587f0fc3e8ea40,d8be982bac46c32cebc5f42e7df5a2f5d0baf5c7821794844d7245e09a297820,EXACT MATCH,True,1,1,1,1,1,1,53,53,1,1,0,0,310.5067186071732,310.5067186071732,0.0,c2cd2048d81e94e6f55b170265dd0c90b5c88f78e7876d8da86706bbcc53057d,c2cd2048d81e94e6f55b170265dd0c90b5c88f78e7876d8da86706bbcc53057d,True,True,True,53,17802734268392651266,0,b1f44c4a0fb9a1844cb3161bbf64eb5ea67b5bf8c5a5ea4f2bab88b4dd19d4e2,5.390270833013346,5.391253082983894,null
20260809_011,20260809,11,1621262887729756765,86b1e72bdd7a3bc17e9902fa39da1ee5f53148b72ccbaa649e9a8cd6751b4f7b,27a8ca63fa0ace2fd1e86616aad228e4d2800b73c2904b45263494aa240fba33,EXACT MATCH,True,1,1,1,1,1,1,104,104,2,2,0,0,370.80811021566626,370.80811021566626,0.0,9363895ad4037f4a8a810c0f28dca9c65a107b4c868e512c4304aece79dd3ed1,9363895ad4037f4a8a810c0f28dca9c65a107b4c868e512c4304aece79dd3ed1,True,True,True,104,12833354884182939130,67752,be574140eed422deb77d62fb8a75fa23be10ca187362db31c11fe8fe8ed3ad49,11.02520916701178,12.031040458008647,null
20260809_012,20260809,12,15283566630660765739,6bf3154165f98c3d4ecbe2b8864b80cecc0731d4daf243c7f0319201c1b169e2,dcc164ca1a8d04adc141925cddaa7a657a584a5cdef898a653578cef98b42d9a,EXACT MATCH,True,1,1,1,1,1,1,60,60,1,1,0,0,409.8993753164099,409.8993753164099,0.0,013f8a2c63f57a34ebe6e8ef6320a6f2646c2e9174bdf05b3405ca2790f1f32a,013f8a2c63f57a34ebe6e8ef6320a6f2646c2e9174bdf05b3405ca2790f1f32a,True,True,True,60,15283566630660765739,0,b1f44c4a0fb9a1844cb3161bbf64eb5ea67b5bf8c5a5ea4f2bab88b4dd19d4e2,6.785745125001995,6.085315459000412,null
20260809_013,20260809,13,14705238778227004122,aecba73662b2c8d627b9cd6498bfb4791a74e045fa35781b90a429953a77cfe9,cc3190ea3eb6962cf96fed801246a62c24df6a2d3d6ba156d005207e4b0b8c6f,EXACT MATCH,True,1,1,1,1,1,1,181,181,3,3,0,0,437.69771024090545,437.6977102409054,-5.684341886080802e-14,2d85784b803864cfcf0519ad55f4aee358ef6c87f4ecd39984be6f542ecc4aad,2d85784b803864cfcf0519ad55f4aee358ef6c87f4ecd39984be6f542ecc4aad,True,True,True,181,3463258964696109380,135504,88d5207108725efecc5edc832c8a702b98d50e0a3a95f26848de194066b91bdd,20.349287790973904,19.017906749999383,null
20260809_014,20260809,14,15725056645400374487,af0b26c1726dad20783c55aaa1bd13c97656fa364102be4df433c5f1da7353a7,50d94398974ef01eea644f56c355d4f593a8e87e61f0b2b313844e06a690ec32,EXACT MATCH,True,1,1,1,1,1,1,39,39,1,1,0,0,423.85757918949764,423.85757918949764,0.0,a258b12c779a22156d5ce319b3d259addc1fcf9e8eebf850158ecebd175233fc,a258b12c779a22156d5ce319b3d259addc1fcf9e8eebf850158ecebd175233fc,True,True,True,39,15725056645400374487,0,b1f44c4a0fb9a1844cb3161bbf64eb5ea67b5bf8c5a5ea4f2bab88b4dd19d4e2,4.724557125009596,3.983042291016318,null
20260809_015,20260809,15,8289395461930775230,31d4658d6b8c26590a59d824d72aff23020648a8c8e726f3ea5a457ebb2dbb60,3ed9f6cd4fc370a9e555731712428f24a693cd85fe128c7f3ca78f76f3064c58,EXACT MATCH,True,1,1,1,1,1,1,165,165,3,3,0,0,371.098524465134,371.098524465134,0.0,1d1d5a786829d01cceeed4ee3d4f2aeef3eb480721c8a782d7818def7873c9f1,1d1d5a786829d01cceeed4ee3d4f2aeef3eb480721c8a782d7818def7873c9f1,True,True,True,165,6726455086033311123,135504,2c5b727a26d2ef1bb14ab03fde340a2cefff033511ccdd200e6c680cfdf40b68,17.25228316700668,18.148948209010996,null
20260809_016,20260809,16,3545954161664281249,71b4ac9d521af4fd064a8244179223b0599783936c681f79ab6d37516eab2b5d,bcb06181dcb53f6d4173272c3a3841b2cb6bfe37e760adef26924917c0357197,EXACT MATCH,True,1,1,1,1,1,1,226,226,4,4,0,0,468.98106312180346,468.98106312180346,0.0,98a3a7fa32a793b6d9954b19479e5498a03a5d295c067f9b041fa4c2c8cc4496,98a3a7fa32a793b6d9954b19479e5498a03a5d295c067f9b041fa4c2c8cc4496,True,True,True,226,6208480646687822029,203256,434bbc7f4c0c4f5e7f262580c53985378ebf6992ab8366c88f88bd8f3a92986e,23.967676916974597,27.577233624993823,null
20260809_017,20260809,17,1848792289959952852,066bc5a1d13d40260c14293e012163bbe2feb4dd935bc65bd0c2c4dafd245043,1d7edc3d9996b3b6711e175b36bbc970d5592d794894a3cc12c2e4a97e7f77de,EXACT MATCH,True,1,1,1,1,1,1,58,58,1,1,0,0,294.5323698581094,294.5323698581094,0.0,10eb3d3c193d896299ea55db1f6dfd45e3e146bdce29fa9691e9dce52c241bba,10eb3d3c193d896299ea55db1f6dfd45e3e146bdce29fa9691e9dce52c241bba,True,True,True,58,1848792289959952852,0,b1f44c4a0fb9a1844cb3161bbf64eb5ea67b5bf8c5a5ea4f2bab88b4dd19d4e2,6.814823458989849,6.628204083011951,null
20260809_018,20260809,18,15462074353113131334,9cc09e0332d748cb9d47f78665b951e384df14e15728e7bda46e2fd0215bdf3f,1c92f033fb8eabff5381b8eb26e5106d3b15acb67b35df470434501863d5c4b0,EXACT MATCH,True,0,0,0,0,0,0,1940,1940,32,32,9,9,,,,fce946463f9f1fa37fbd58c305995ee34679996efb7c581f93ee572e21afa928,fce946463f9f1fa37fbd58c305995ee34679996efb7c581f93ee572e21afa928,True,True,True,1940,10360345463917232242,2100312,688000a58cc0a86cd427007b49b59ed282b42ee8aa2d5f5684509048a3928e44,45.167850208003074,45.445134833978955,null
20260809_019,20260809,19,2400398014029770069,42c349f05c56b8374e7a2e500010def90a08851cb4fa17e352aa4974e4f6d79c,cce19ce4564144ae6e2ea8f8549c79543b388607b6ef30ba9d8be01bdc7985a4,EXACT MATCH,True,1,1,1,1,1,1,41,41,1,1,0,0,375.8485716269149,375.84857162691486,-5.684341886080802e-14,6e61d2bd82ce72db85a1db19e1d2936c6a3ee83c852ecd88db72072fabe3ced9,6e61d2bd82ce72db85a1db19e1d2936c6a3ee83c852ecd88db72072fabe3ced9,True,True,True,41,2400398014029770069,0,b1f44c4a0fb9a1844cb3161bbf64eb5ea67b5bf8c5a5ea4f2bab88b4dd19d4e2,4.122497458010912,5.644681208010297,null
20260809_020,20260809,20,1875523349383067887,d1de07ec1678d4f882cf159b04401e2f091dd81c7fdb99bbb8cf5c7a2414df39,783c355ad1b2d293d966dc05101ca060fd4d26edb56ab7c7f49587d099e42f47,EXACT MATCH,True,1,1,1,1,1,1,74,74,1,1,0,0,295.8497901266065,295.8497901266064,-5.684341886080802e-14,6d8b2f01038cb4a22ba11c09c9ffda52fcbe5acaf18fcbb219f2ae2e86472cea,6d8b2f01038cb4a22ba11c09c9ffda52fcbe5acaf18fcbb219f2ae2e86472cea,True,True,True,74,1875523349383067887,0,b1f44c4a0fb9a1844cb3161bbf64eb5ea67b5bf8c5a5ea4f2bab88b4dd19d4e2,8.918241125007626,9.099972541996976,null
20260809_021,20260809,21,551847097978454530,5a83590b88819ed029e089befd7caae3e032a3d49cc41c29c95cc7913dcb2db4,8f375801003fc88b0c8a3d260ade28b87a8af1c86e28be139ccf6353f0b1c7dd,EXACT MATCH,True,1,1,1,1,1,1,26,26,1,1,0,0,271.03848372018774,271.03848372018774,0.0,36314f1dc2c2cbfd838a552555ade99d3e3f4e0a458ff143063054b10cb68921,36314f1dc2c2cbfd838a552555ade99d3e3f4e0a458ff143063054b10cb68921,True,True,True,26,551847097978454530,0,b1f44c4a0fb9a1844cb3161bbf64eb5ea67b5bf8c5a5ea4f2bab88b4dd19d4e2,3.3739256669941824,2.657659166987287,null
20260809_022,20260809,22,8845461622687559147,8696cffaed89cfc29763fc53038712ecb6d0a3d66bccc560c2f2508d0f28c5c7,6a52cc13d78ca3915cacc662b84fcf1c99cec0fcafb9ffdf42c357da190f63ee,EXACT MATCH,True,1,1,1,1,1,1,40,40,1,1,0,0,320.50100238223763,320.50100238223763,0.0,8a572a8261a4cf2e9b37291bfc5d3e70683a678c4bc0c629dbd3faa1026ad3e8,8a572a8261a4cf2e9b37291bfc5d3e70683a678c4bc0c629dbd3faa1026ad3e8,True,True,True,40,8845461622687559147,0,b1f44c4a0fb9a1844cb3161bbf64eb5ea67b5bf8c5a5ea4f2bab88b4dd19d4e2,4.023279624991119,4.827517291007098,null
20260809_023,20260809,23,6062447919674616279,7007538714962ac100d6c268c0b3f577b010b2720bd166cf745058211ea75fd9,72bf608449e1cead5ec7006f556928a60242eb68503aa907f9917fd805e8f95c,EXACT MATCH,True,1,1,1,1,1,1,101,101,2,2,0,0,380.1952834876488,380.19528348764885,5.684341886080802e-14,8b919ece9fc55d7bb99d8d7b7b6c0f585fc4e180f8e6607d5b0dfa055e9e7e4d,8b919ece9fc55d7bb99d8d7b7b6c0f585fc4e180f8e6607d5b0dfa055e9e7e4d,True,True,True,101,9690710186858140026,67752,c80a062c60600f019f45e91d3b3a273da3ea3369cf424c4c8305cffef04814a1,11.646567791991401,11.001252167014172,null
20260809_024,20260809,24,7757827362317347828,27dccc1092ae6e81466b1d61c7d3e72d7fbab245817a719e2b473739af533d36,8ed7c07ccb53e4680f5e0df58cbe6f96d32ff4a40a7f623ba098b4cb335786af,EXACT MATCH,True,1,1,1,1,1,1,127,127,2,2,0,0,305.3030348228176,305.3030348228176,0.0,c49cb4ec69b732977b1a62126de3c7fb892531fc29c9932b7364380c66982afa,c49cb4ec69b732977b1a62126de3c7fb892531fc29c9932b7364380c66982afa,True,True,True,127,4751993951996633538,67752,fb6d322b77d660260409f9c2305dd037fb9b0b355369f0b4b6b06cbaf9722dc5,14.07146570799523,13.699205291020917,null
20260809_025,20260809,25,13260707096550732358,57a57873d4f11783ed2db6afbffdd23a03398e08c6b77287fe8755c1fa7e9bc8,e788305f04b3cde38c74906ba57b9f41015196b063bd2379557b17fcd0a28d26,EXACT MATCH,True,1,1,1,1,1,1,200,200,3,3,0,0,319.49809733426,319.49809733426,0.0,e2ae5a44bc933441654963d16e1b1f3c5041a8d063d111b2b35c1e6eb0ac0a09,e2ae5a44bc933441654963d16e1b1f3c5041a8d063d111b2b35c1e6eb0ac0a09,True,True,True,200,8747656401113148464,135504,f6f86d7e320c6f55eb5689d753488aaf3b0fc257575348581465034d318196bd,21.565072249999503,21.771804334013723,null
20260809_026,20260809,26,6932175579934644575,81d33f91b8ccbac5de15e7fa2154a0fc89ee104c12e66c1a76e013625b5111ee,ef97e558613568a505c3dab3db773d7e239a589bd06035bcb1af7ec1e6cf1035,EXACT MATCH,True,1,1,1,1,1,1,133,133,2,2,0,0,341.42504542770973,341.42504542770973,0.0,865031a7946765ccfdbacdafd90e1cc80a6c8f64ac2fe80dd951cab757a71470,865031a7946765ccfdbacdafd90e1cc80a6c8f64ac2fe80dd951cab757a71470,True,True,True,133,6445658447530490045,67752,0d6ffcbf74dc4fde9f3a54bb977d49aa571c3230df186b748fd1c5d0ea6074dc,14.066408874990884,14.16589566701441,null
20260809_027,20260809,27,11884719810708706365,cd5199ea4f73ef83d40affc78c2329fe63e0f6c3f3f38bf9a488bdfe7edc2b85,184aeb6e09e2b1399d7adbf444b5beb6f53cb6c25752342fa6a25acaf55c817a,EXACT MATCH,True,1,1,1,1,1,1,230,230,4,4,0,0,305.8961437149436,305.89614371494366,5.684341886080802e-14,5328871712c05e65542c85f6913313e38f4ab822af0c066f8436a2f408a31228,5328871712c05e65542c85f6913313e38f4ab822af0c066f8436a2f408a31228,True,True,True,230,9463943179579768499,203256,518765a4c0333dc3c5ca84d271b3cfad1040849b827fa3645db38b2e537a04cf,24.516641207999783,24.755714708007872,null
20260809_028,20260809,28,3658223131164006700,258ed2a3c2166ca6eb01c09e7e3e823085ca5d6b2dd8ea686050f343ca23f118,5a87de08bf0375c53209b6dddfcc726135cd7c4c2ec4742d742da654ebb4bd5d,EXACT MATCH,True,1,1,1,1,1,1,290,290,5,5,0,0,384.4521889704082,384.4521889704082,0.0,259e522986f068f0fdcef63be411511a1ff5066d1a2297081053eff98ffbde73,259e522986f068f0fdcef63be411511a1ff5066d1a2297081053eff98ffbde73,True,True,True,290,16306700188891736346,271008,8c1f02152495666caa314f24962d6ad9bc8976d5abe1ddfd503d0b11cb63ef67,30.522200667008292,32.75263412500499,null
20260809_029,20260809,29,11201231684163992143,6bb1ea3b1f691041612d8f944b189b92b47ab0cd8f6661834508ea60dca47fd3,8f375801003fc88b0c8a3d260ade28b87a8af1c86e28be139ccf6353f0b1c7dd,EXACT MATCH,True,1,1,1,1,1,1,551,551,9,9,0,0,381.23890408180216,381.23890408180216,0.0,4afb5ed60a0111fa66c2fa0a80153bdad7bd0dc6be4be7ce3d7caae354649814,4afb5ed60a0111fa66c2fa0a80153bdad7bd0dc6be4be7ce3d7caae354649814,True,True,True,551,17528790656873332098,542016,7c52c0d6cafc8cd6047d860f6412ac2e5889688cd19aeee8824a322c376ed1f2,60.266628541983664,60.654543583019404,null
20260809_030,20260809,30,5972348325028625597,9df0710ef1e0acb2745a96d0d9d1f9938274c749b4a87237dc5a3c5eb616d1bf,fbd8d8a07293b018af76b692382141513483ba2d1561c22597cc1844136b89c9,EXACT MATCH,True,1,1,1,1,1,1,56,56,1,1,0,0,335.8874928717877,335.8874928717877,0.0,533debbe8464ce12a2894e212bd67b58e80d6d07ad11e7f70854d5689a6ea803,533debbe8464ce12a2894e212bd67b58e80d6d07ad11e7f70854d5689a6ea803,True,True,True,56,5972348325028625597,0,b1f44c4a0fb9a1844cb3161bbf64eb5ea67b5bf8c5a5ea4f2bab88b4dd19d4e2,5.620001041999785,5.707834915985586,null
20260809_031,20260809,31,15718977782930520314,0f0ebfebcc671911a79983506df325ff262d75a1d235940f1d87b309875974d8,80b63944b8ddfb6e5a434a9eb879e1120c258bcc476715114b553fcda1566bce,EXACT MATCH,True,1,1,1,1,1,1,22,22,1,1,0,0,275.3124962264201,275.3124962264201,0.0,21c59019b6e72bd115e130ef5ccbf98c1bb74a142a90e2ed70d1d872c26820bf,21c59019b6e72bd115e130ef5ccbf98c1bb74a142a90e2ed70d1d872c26820bf,True,True,True,22,15718977782930520314,0,b1f44c4a0fb9a1844cb3161bbf64eb5ea67b5bf8c5a5ea4f2bab88b4dd19d4e2,0.5047301659942605,0.5046730000176467,null
20260810_000,20260810,0,8839714986294915775,4757744a20923927e4be055c4a79ae769237a6c50ef72581027daabc242eb0e4,0c909116348ee4ce8d492f320764690dd3fd1c1e9ff996ab032ad36c49791171,EXACT MATCH,True,1,1,1,1,1,1,67,67,1,1,0,0,480.8124033205825,480.81240332058246,-5.684341886080802e-14,833236ec656ea6d1f3407389461d7ab3ee7b879585e5f0cbee2f6872ab14f036,833236ec656ea6d1f3407389461d7ab3ee7b879585e5f0cbee2f6872ab14f036,True,True,True,67,8839714986294915775,0,b1f44c4a0fb9a1844cb3161bbf64eb5ea67b5bf8c5a5ea4f2bab88b4dd19d4e2,6.734364500007359,7.652771167020546,null
20260810_001,20260810,1,6287634936413551160,3bcaaead28573572e576adb530810418fbdbb758a6111075e54cd4ef23dd4500,baa7ceab1c33df71b6d4b4aabf68a5815ba775196aa5e8d3b4587c03d0e572b2,EXACT MATCH,True,1,1,1,1,1,1,31,31,1,1,0,0,309.04388017571375,309.04388017571375,0.0,5e2b86aab5790e9c601c5c47ea1b29b0ea70371fad2ba2e8ab7c6ee8e6746880,5e2b86aab5790e9c601c5c47ea1b29b0ea70371fad2ba2e8ab7c6ee8e6746880,True,True,True,31,6287634936413551160,0,b1f44c4a0fb9a1844cb3161bbf64eb5ea67b5bf8c5a5ea4f2bab88b4dd19d4e2,3.142957166011911,3.9739448339969385,null
20260810_002,20260810,2,13648327618015960820,088e3a7979589c4dd0b9a7fa9f5e88f010f567c8b67e4c8703225d76bbac097f,b6ae0c37acbb0442d4771fd86181ea6367622052163a7dbadccb8b4ca48e77b8,EXACT MATCH,True,1,1,1,1,1,1,74,74,1,1,0,0,324.6141466832845,324.6141466832845,0.0,939fa2d52f804ece5f2b2e7581f3be2c6abae53555bcacbf6bd940b7ddc2565d,939fa2d52f804ece5f2b2e7581f3be2c6abae53555bcacbf6bd940b7ddc2565d,True,True,True,74,13648327618015960820,0,b1f44c4a0fb9a1844cb3161bbf64eb5ea67b5bf8c5a5ea4f2bab88b4dd19d4e2,8.337299250008073,8.404407417023322,null
20260810_003,20260810,3,12235124074519564628,7f47942917bb3c87fe4930832587ba9e440678cb4b757dbea8cff7bd461ccf01,98ae47195ae7b4cfa3795bb80c5c7e309a2b0d72e52c6d883e90808c47a89fc1,EXACT MATCH,True,1,1,1,1,1,1,110,110,2,2,0,0,375.0155358314672,375.0155358314672,0.0,3f85690307d97d40d0c0cf599487ba29a2ae9b6679554588f6e00d41d58f0e8c,3f85690307d97d40d0c0cf599487ba29a2ae9b6679554588f6e00d41d58f0e8c,True,True,True,110,17430491466803501451,67752,db2c94b5f1bfdf79a4d88cae6152d67b9a097092765aae61c6244201db723780,11.173659833002603,12.889787832973525,null
20260810_004,20260810,4,7832633304671189574,a2142c67ec4042a2f576374058ea8f65a81ecb67b628a1253c2e4282aa6a7339,72ed88f467715bf70bcc4d253af8e858da1baa1527290f5394a8dbe6746b64a3,EXACT MATCH,True,1,1,1,1,1,1,967,967,16,16,0,0,417.4496396252037,417.4496396252037,0.0,47d69600d71440f6b0bbc141c0758a4e9211a0d533403b9bba8fb5f1a0fc1c3a,47d69600d71440f6b0bbc141c0758a4e9211a0d533403b9bba8fb5f1a0fc1c3a,True,True,True,967,7015408005180569949,1016280,a299953170ee4521b5ea62043516a3af9971e1cfcb3757735d14ebb3596a5a02,106.09611608300474,101.8134895839903,null
20260810_005,20260810,5,17891653386005265156,41cac96dd6337d6bf1cd0013384d8f41370be6c18ee0554b34652d7125a1e007,169b5b823c62b64ca7e5f8456a13c8d5d06f4ece522a58bc2b8a784dcf3609b0,EXACT MATCH,True,1,1,1,1,1,1,49,49,1,1,0,0,402.39280073000907,402.39280073000907,0.0,546607a62d2ecfe425629800649c1332b286c935382f49a035daac8e7e2067ff,546607a62d2ecfe425629800649c1332b286c935382f49a035daac8e7e2067ff,True,True,True,49,17891653386005265156,0,b1f44c4a0fb9a1844cb3161bbf64eb5ea67b5bf8c5a5ea4f2bab88b4dd19d4e2,4.925433291005902,5.720715292001842,null
20260810_006,20260810,6,2119602893334385276,263a8030d18e677a364e62306f9163e994a876679cb1af65a42f770ecaa39fa8,ba3c702b24e4ef16c111bf92823170f6e81fd37fbafaccbeef52192a1c094380,EXACT MATCH,True,1,1,1,1,1,1,23,23,1,1,0,0,317.60359603138767,317.6035960313876,-5.684341886080802e-14,b2ea28dbd91d49ac36debb6bad45c8a4fed8bbe3e66ac39d7bc0c47171d01de5,b2ea28dbd91d49ac36debb6bad45c8a4fed8bbe3e66ac39d7bc0c47171d01de5,True,True,True,23,2119602893334385276,0,b1f44c4a0fb9a1844cb3161bbf64eb5ea67b5bf8c5a5ea4f2bab88b4dd19d4e2,2.8470100419945084,2.684879832988372,null
20260810_007,20260810,7,6756052867238520307,1f75e0440544408eeabedde389c7b635eeaec689ec71f80e554d304c1cc05516,4b00aaeb2cfd2bd50ca5e02b450eb81bf983ec23d3ada30a4bddf29a86eb29d7,EXACT MATCH,True,1,1,1,1,1,1,190,190,3,3,0,0,392.9092261533162,392.9092261533162,0.0,1b90e3d00d64b0feb7770cde1bb115a08d098d3c810e10d0a8fb537f05557ddd,1b90e3d00d64b0feb7770cde1bb115a08d098d3c810e10d0a8fb537f05557ddd,True,True,True,190,15896530296955598919,135504,9ff59fdc2d580805bd09d3720cbadf3047730fd3e225778d7cc6a8b80decbe2c,19.86641604200122,19.937219165993156,null
20260810_008,20260810,8,17347899464711564992,11a8d3f3cf4dd36c7a9298c623744967e3a5c32ea8ccaa84c89f2d664c54093a,1beb99f5261e9a259ae2c93d6330a0626ac866a32c0b1f30a1f1dcd5ac7c84bf,EXACT MATCH,True,1,1,1,1,1,1,103,103,2,2,0,0,421.09869472402625,421.09869472402625,0.0,882f80d2fea6275eae964c0e0ac7859c8638ece2be81fd66e724894696028a4c,882f80d2fea6275eae964c0e0ac7859c8638ece2be81fd66e724894696028a4c,True,True,True,103,8584373290941510277,67752,1ab27773ea54073636667468b8b116657fef5015e2cef1e91f71fb3119827a50,10.458484083006624,10.54126000002725,null
20260810_009,20260810,9,10680904030723624696,499e7769844aaa5d1d1642de7209c0512c75020ad4274b40e44b306beff1b5d4,9fc4a88539c1bdf26309341188ebc7d12cc20df410aa765b073b17aaf6b87549,EXACT MATCH,True,1,1,1,1,1,1,1430,1430,24,24,0,0,432.324469819619,432.324469819619,0.0,f32cb0b28021fa0bd7f7eb534112cbacb6d42d2750a108d0bb4a61b150c84aee,f32cb0b28021fa0bd7f7eb534112cbacb6d42d2750a108d0bb4a61b150c84aee,True,True,True,1430,16680484826886575473,1558296,1fa8e1fd4f035ad367d420df5915f5ad9187e221d4e26884ddf9db8d7eeebd8d,151.8937237909995,155.1440892080136,null
20260810_010,20260810,10,14108626171013595552,c35fa0a8dd053cfb20380a2455bcff4f208254e780c7ab3c830e0f24830e0948,5c31706b53a6c11826d3bbe2fcbecc5e2314fd15bdaeae60999f558cde99c656,EXACT MATCH,True,1,1,1,1,1,1,42,42,1,1,0,0,389.27482274900456,389.27482274900456,0.0,fe21e477f3741480052c14ecb5d746d7a47f7de398782e034cc78ff3a6029345,fe21e477f3741480052c14ecb5d746d7a47f7de398782e034cc78ff3a6029345,True,True,True,42,14108626171013595552,0,b1f44c4a0fb9a1844cb3161bbf64eb5ea67b5bf8c5a5ea4f2bab88b4dd19d4e2,4.268065332988044,4.352748667006381,null
20260810_011,20260810,11,15744908322155961522,33eb649aace56b2d148179d396e68c9412e6f0fee480de125ac99680a4a2257f,b1c6edd6aef6541e22141b91734d62c24acb884a22ef9a8f36aff4e19bd39999,EXACT MATCH,True,1,1,1,1,1,1,50,50,1,1,0,0,310.6350021916819,310.63500219168185,-5.684341886080802e-14,e0e469c1c69843125bdd554f6848306b1ed0660bae708bb18db8ce0a47ce4416,e0e469c1c69843125bdd554f6848306b1ed0660bae708bb18db8ce0a47ce4416,True,True,True,50,15744908322155961522,0,b1f44c4a0fb9a1844cb3161bbf64eb5ea67b5bf8c5a5ea4f2bab88b4dd19d4e2,5.779864124982851,5.929410499986261,null
20260810_012,20260810,12,2570941975186273792,7789e7efa18a432b9281485c28171761fc5f482d9e3180218dbcabf58b8c4b4e,dc9f77d20565ea626d0284baa243499fe744465b38f84c78055f1f6ba5b3fdf3,EXACT MATCH,True,1,1,1,1,1,1,34,34,1,1,0,0,307.26354900377316,307.26354900377316,0.0,19b10427e6aa33f940d9e2acc613703527e348fe3b54f79a590052d6b6181a68,19b10427e6aa33f940d9e2acc613703527e348fe3b54f79a590052d6b6181a68,True,True,True,34,2570941975186273792,0,b1f44c4a0fb9a1844cb3161bbf64eb5ea67b5bf8c5a5ea4f2bab88b4dd19d4e2,3.48195379198296,3.496163208008511,null
20260810_013,20260810,13,3119474908883429183,8c5ef5c28cf0296a5c518b684d2f78753b34a3606fed83e40c5ac2c26dce1d64,75997f481e768710b6d5560612f7804d2c6ba87542de1975ad41e3775b52b151,EXACT MATCH,True,1,1,1,1,1,1,189,189,3,3,0,0,331.6141292309595,331.6141292309595,0.0,de4d9cffc9db1fc5d5ae378cd6e59985b4795148805a05998f54af0fd49202f8,de4d9cffc9db1fc5d5ae378cd6e59985b4795148805a05998f54af0fd49202f8,True,True,True,189,9073422158540980614,135504,fcf58cfe6bc047357af84b032ee7c49499d0fd086db62ef2691ad54fc9e21ba9,21.282005624991143,20.76639529201202,null
20260810_014,20260810,14,13921168073012108925,c8a7733d1fb8e6baf3bc4e4603dca4cab9850ce92e2cf425ca5a95c336534be6,53d9602d612f26666c4acbe860c02e7b773ae14c93b5c9eb8871eb5ad4a97118,EXACT MATCH,True,1,1,1,1,1,1,63,63,1,1,0,0,300.91635632150917,300.91635632150917,0.0,9dc3122ad295e5b85459ccc7e9786380d21740260091139269df27ed04b40e29,9dc3122ad295e5b85459ccc7e9786380d21740260091139269df27ed04b40e29,True,True,True,63,13921168073012108925,0,b1f44c4a0fb9a1844cb3161bbf64eb5ea67b5bf8c5a5ea4f2bab88b4dd19d4e2,6.407279542007018,6.49150683399057,null
20260810_015,20260810,15,12682690586956095751,84019289039dd794d4788f6f37d0feec7bc5513db820c58af1a6e09ef494cdf8,87e224612b3bed2bb45fa679efde5d32fa8aa81480174feaf1304a38e882fe68,EXACT MATCH,True,1,1,1,1,1,1,17,17,1,1,0,0,252.22248931897155,252.22248931897153,-2.842170943040401e-14,df8ce155949f1c9d985f05a52fc1b6392a5c3e51620eb98cc987b3b2ef72eebb,df8ce155949f1c9d985f05a52fc1b6392a5c3e51620eb98cc987b3b2ef72eebb,True,True,True,17,12682690586956095751,0,b1f44c4a0fb9a1844cb3161bbf64eb5ea67b5bf8c5a5ea4f2bab88b4dd19d4e2,1.7903648750216234,1.7438676249876153,null
20260810_016,20260810,16,4778280623693829611,1775eea861c87df9e570e7437f4b4d87f8367a02a84ec16b4c87fb2f8627f710,8772d9a8debd04cbbca3914d8c5a123c5705f795522c4d5d7137d5ad09168ad8,EXACT MATCH,True,1,1,1,1,1,1,47,47,1,1,0,0,283.2190543618213,283.2190543618213,0.0,cc85b3c7f24afab27c1e372a24abcc105ceb6564a57d15a2ce58241bb209c7f7,cc85b3c7f24afab27c1e372a24abcc105ceb6564a57d15a2ce58241bb209c7f7,True,True,True,47,4778280623693829611,0,b1f44c4a0fb9a1844cb3161bbf64eb5ea67b5bf8c5a5ea4f2bab88b4dd19d4e2,4.749943959002849,4.883157709002262,null
20260810_017,20260810,17,3673036723463323741,980f7cd66cd562c96a2c477c6b60c94cfa79002420b329fdfef17b7fa35855a2,6dbad28b4285110a5003b8da030625c82a6dea3cb419d2164bcc6e61ccf00090,EXACT MATCH,True,1,1,1,1,1,1,38,38,1,1,0,0,432.5891002910465,432.5891002910466,5.684341886080802e-14,2c6e8fae650d3371ed5966ca8c0f788935518c1acd2e6bcd46752a454fe52dd8,2c6e8fae650d3371ed5966ca8c0f788935518c1acd2e6bcd46752a454fe52dd8,True,True,True,38,3673036723463323741,0,b1f44c4a0fb9a1844cb3161bbf64eb5ea67b5bf8c5a5ea4f2bab88b4dd19d4e2,3.8590154580015223,3.8815707500034478,null
20260810_018,20260810,18,5998232605694163604,4b3047acba171b4230d32d4a4d8bf0fb595baa077760ba9295ebf0cf246a3aaf,8088f90abf20fb1a70e9274893f63b44efded7c2ba806f1a86f9779d6e34de15,EXACT MATCH,True,1,1,1,1,1,1,72,72,1,1,0,0,306.56581176443586,306.56581176443586,0.0,422e794833195cc3309e7c26ebb35bc12214507955b9ceab7f8203d02fbce620,422e794833195cc3309e7c26ebb35bc12214507955b9ceab7f8203d02fbce620,True,True,True,72,5998232605694163604,0,b1f44c4a0fb9a1844cb3161bbf64eb5ea67b5bf8c5a5ea4f2bab88b4dd19d4e2,8.115215666999575,7.389964875008445,null
20260810_019,20260810,19,431526302299323507,db3823fc9116a9a2538755f9cd264ca937bfe379b6d6c85bdf29896fc1aee14e,dd0c3152ac2fb5fbc5c7dcbfab3ddf5ff99fa9e528e33686312a2b054e514099,EXACT MATCH,True,1,1,1,1,1,1,550,550,9,9,0,0,424.1979328020979,424.1979328020979,0.0,8236597f29f10664eb67ea7b70c831a12e0d525804f11b5422070ff31f3da306,8236597f29f10664eb67ea7b70c831a12e0d525804f11b5422070ff31f3da306,True,True,True,550,13483613114729387047,542016,1b6f7b73f6d1e39d5b2502681a8919b7399ff5add2bec71fbb50cd2bb3935e78,56.058310874999734,59.4735012500023,null
20260810_020,20260810,20,1807615973557573114,ab2ddea742abad9bd71c94ff9b737b1a5a881ef292681893c5e6e07b36748b47,4e807149ac354bc723b9d79a42ed8703fdccf9ca11cdeeeee13df852aa666e97,EXACT MATCH,True,1,1,1,1,1,1,285,285,5,5,0,0,360.6465481953018,360.6465481953018,0.0,3a4032327c8c8cec2e46377cb3f375e4d5a90a752b2d3c4b8583a9aa208cac2d,3a4032327c8c8cec2e46377cb3f375e4d5a90a752b2d3c4b8583a9aa208cac2d,True,True,True,285,13367950777172845042,271008,3b2832c16e381a0ebe56001b786b53adca15333c1a0341b29092d0ea9af703ae,28.75075674999971,28.87363704200834,null
20260810_021,20260810,21,6813046155664075182,7a2a76786967fba6b0ca2598c0cd6eaf28a9e347c68c58bdfe3d53d5db10ece2,709c3f3aa785534176fc5cdbd09f1dee22618443af5b2022e44fc5b99a52edbb,EXACT MATCH,True,1,1,1,1,1,1,104,104,2,2,0,0,298.49630493053087,298.49630493053087,0.0,67542c38a9b14eb920126aa7bb5bc7d641a93c2f5185752c2708272f83e2abcf,67542c38a9b14eb920126aa7bb5bc7d641a93c2f5185752c2708272f83e2abcf,True,True,True,104,3949723005234017547,67752,844bea0dc8464e047583aa356d475455dd3858d67024c768aee19725208e0224,10.309313416975783,11.357459042017581,null
20260810_022,20260810,22,18318094137074377224,7f04728adc3be4edafe918752f7d4703fa36be04843c51b03521e58be2b0e896,cdb0b8492b7eda62b983f4ff5b3070174af30478936da7c599bf033b727e8ebb,EXACT MATCH,True,1,1,1,1,1,1,77,77,1,1,0,0,259.93352705306546,259.9335270530655,5.684341886080802e-14,c25669cf997b168cae0bf8bad29c959cd4bf06a71a34971092fd4da91f973815,c25669cf997b168cae0bf8bad29c959cd4bf06a71a34971092fd4da91f973815,True,True,True,77,18318094137074377224,0,b1f44c4a0fb9a1844cb3161bbf64eb5ea67b5bf8c5a5ea4f2bab88b4dd19d4e2,8.4559843330062,8.597351499978686,null
20260810_023,20260810,23,14775790003291655981,707e49233aaf9c5e8f383f89c4326c43969c4e02d48b7c7b95212eb80f93bffc,5e2cfbf97b97eb5b62f35ad23a5a1ff2d13d79ce5374f02d2d1adcdf14529135,EXACT MATCH,True,1,1,1,1,1,1,47,47,1,1,0,0,356.6532976900697,356.6532976900697,0.0,435ce4d2825061f35845ff2a232c20580743c3985d08685e349da0cebe2d5b95,435ce4d2825061f35845ff2a232c20580743c3985d08685e349da0cebe2d5b95,True,True,True,47,14775790003291655981,0,b1f44c4a0fb9a1844cb3161bbf64eb5ea67b5bf8c5a5ea4f2bab88b4dd19d4e2,4.656505124992691,4.815507417020854,null
20260810_024,20260810,24,6432755272563781537,925d65f02cc83ca2f4b20c519572e1fc5603318e6b4607215d63de94ce664417,1dc137a8a2ec4f9b99fba15e88df11d6e4df0d2cb2615eeba0e3a8392fb27b82,EXACT MATCH,True,1,1,1,1,1,1,66,66,1,1,0,0,329.59581165515885,329.59581165515885,0.0,aafe829b5906e34f3995e629e0b83213db0e1aa046f6915241aa3e203d7432c4,aafe829b5906e34f3995e629e0b83213db0e1aa046f6915241aa3e203d7432c4,True,True,True,66,6432755272563781537,0,b1f44c4a0fb9a1844cb3161bbf64eb5ea67b5bf8c5a5ea4f2bab88b4dd19d4e2,7.446125332993688,8.372638125001686,null
20260810_025,20260810,25,14075516971552651714,ea64d41ad4050712da3d86c742fb860248f41a205edd381d1b22286f59c295ef,076ee9b1c751cca3443d06c0e445246fee3297b1c7d620b03970c141e1d8eb3e,EXACT MATCH,True,1,1,1,1,1,1,58,58,1,1,0,0,323.69010880759095,323.69010880759095,0.0,7d71ddee09747d70f0ed4120a416f4aa0df87012bec797c98be411965bbbf8d6,7d71ddee09747d70f0ed4120a416f4aa0df87012bec797c98be411965bbbf8d6,True,True,True,58,14075516971552651714,0,b1f44c4a0fb9a1844cb3161bbf64eb5ea67b5bf8c5a5ea4f2bab88b4dd19d4e2,5.840500416990835,6.6807850420009345,null
20260810_026,20260810,26,13422414391702810807,e9815e16d67d226562551216aa6af46ffb9bfe1013c381e12061dee522d2183a,f7ea48203f012146e721e99f4f9ffb49931553e141c9b01bccb3c6aecd61968a,EXACT MATCH,True,0,0,0,0,0,0,1940,1940,32,32,40,40,,,,49bd4f5496aabe8b1e105b6eee635ee5d21e55c3373f705b1f42941ab90f37ed,49bd4f5496aabe8b1e105b6eee635ee5d21e55c3373f705b1f42941ab90f37ed,True,True,True,1940,14692275561292612853,2100312,8370730ac321c5174daba403f3e1dfb381131171318b55c3c5c6b6df140d2a77,210.91043691599043,208.91125850001117,null
20260810_027,20260810,27,2282679293320711415,337bf10d4bfa1504cf23524cd6c3b243f4a42449dba5fc7158d9f6a96b679a89,3e86d554843b62e3c25db4c4353324171ba2e242e0c6d57fb917e61ddec85ec4,EXACT MATCH,True,1,1,1,1,1,1,56,56,1,1,0,0,367.95742112817027,367.95742112817027,0.0,836a9d85050896f8a753a890b17cf60fdc978dc101162749e1109c1905bdca32,836a9d85050896f8a753a890b17cf60fdc978dc101162749e1109c1905bdca32,True,True,True,56,2282679293320711415,0,b1f44c4a0fb9a1844cb3161bbf64eb5ea67b5bf8c5a5ea4f2bab88b4dd19d4e2,6.36869087498053,6.520203082996886,null
20260810_028,20260810,28,4354426345079556176,5b150ca939554ea33d7914cb7b0551a746f2b28d0b5939422a22d6be64bee580,8d04cd0994f834cda8b758b3a7d3e550815164d1c05723aea89bc3af08ca411e,EXACT MATCH,True,1,1,1,1,1,1,45,45,1,1,0,0,387.6062702116176,387.6062702116176,0.0,50a788e5c4e8096a0d45e798d8130d558d48ece87eb1d6158baa806c4f573ec7,50a788e5c4e8096a0d45e798d8130d558d48ece87eb1d6158baa806c4f573ec7,True,True,True,45,4354426345079556176,0,b1f44c4a0fb9a1844cb3161bbf64eb5ea67b5bf8c5a5ea4f2bab88b4dd19d4e2,4.57377870901837,4.529173165996326,null
20260810_029,20260810,29,9911219062610712897,8743b3a5eb82534dc1fcf25316c585995da63d7a828c4b87af2201c8ad8949d3,7b62c639cc3ef421cac3276420d756387ee2f0ed73aac62626fac47fe7c81293,EXACT MATCH,True,1,1,1,1,1,1,285,285,5,5,0,0,367.7670770307249,367.76707703072486,-5.684341886080802e-14,13372a694e6fbf8d6aafcc8d62ec5e20b509b5f7221822c6d8c507eae0505b13,13372a694e6fbf8d6aafcc8d62ec5e20b509b5f7221822c6d8c507eae0505b13,True,True,True,285,2036931634654008453,271008,4e101e68ea275f67f19512732e75a0adf5aa72407a085f3b3178c467b406ada3,29.38596037501702,29.7736747500021,null
20260810_030,20260810,30,8263197901438678172,701b488fa5a51be16ecf6e0baa96ed754185fe756f07cdc8844d45127a649178,b2f530b79290ecd416fb989dca8f2e390676fdc8600d89f456684f482fb62322,EXACT MATCH,True,1,1,1,1,1,1,159,159,3,3,0,0,288.7989366876782,288.7989366876781,-5.684341886080802e-14,efde69c8bcb8a4574adee351e27b1e95595c435dc59292cf0f629ace3ccf5bb3,efde69c8bcb8a4574adee351e27b1e95595c435dc59292cf0f629ace3ccf5bb3,True,True,True,159,14041861000369338693,135504,7ed371b15a0f5374a132e64f5cdec8902096a2f03b4989677dce7a637bae0e96,16.04623345899745,16.079780790983932,null
20260810_031,20260810,31,12211981350920347461,ccd3b370b990a5c262ad4061ef9584b28d2aaf9479f4937602e77a6bffa1c908,7660c991e0befbcb6b2f8e92bd345f3673563cae507b365448ceded6418492e7,EXACT MATCH,True,1,1,1,1,1,1,314,314,5,5,0,0,365.4935378091658,365.4935378091658,0.0,c5e7c9a9123bae4b75664e10b2592894c50ea6cb9da03a452c2fcc6235a12ba4,c5e7c9a9123bae4b75664e10b2592894c50ea6cb9da03a452c2fcc6235a12ba4,True,True,True,314,1313956378670760608,271008,a11fd6319fcdc3d98d383e75ada59570bdab6b0ae8e703ee56c0836122fd6c41,32.28560758399544,33.44230229200912,null
20260811_000,20260811,0,12591140135651291638,f1db2aca0d3d593b3a080e951260fae5e608afdef13f078d64772ceb899dd763,9e50069e9783169e22141366ddddd561b12d991a1afc2f76feb5d051a3e97d49,EXACT MATCH,True,1,1,1,1,1,1,38,38,1,1,0,0,262.72411758213116,262.7241175821311,-5.684341886080802e-14,623bd3f41f15186e7c2007503296234ef13a939a492c5cfb3965ce17ed59ec43,623bd3f41f15186e7c2007503296234ef13a939a492c5cfb3965ce17ed59ec43,True,True,True,38,12591140135651291638,0,b1f44c4a0fb9a1844cb3161bbf64eb5ea67b5bf8c5a5ea4f2bab88b4dd19d4e2,3.828294292005012,3.9366181250079535,null
20260811_001,20260811,1,14398923474848074007,9c324d838b825db680fd2792ea9d2894ffbfd12651db6406058ebd6fd5db4c7b,cd2b3424be3c4e34fbb2ebdfff8c64e5a8775743810406c40a163d82a04331f9,EXACT MATCH,True,1,1,1,1,1,1,340,340,6,6,0,0,382.92758883158155,382.92758883158155,0.0,469a4d6bcee22f2bb99c6027ef44fc04773d9cdacf902a03796305d02cafea94,469a4d6bcee22f2bb99c6027ef44fc04773d9cdacf902a03796305d02cafea94,True,True,True,340,4467648285916179473,338760,aa1b60823d2d3d87e1e2387a2ec3be875bcc1baefb14dc3b502c476d9f02ced4,35.85927966699819,38.488484917004826,null
20260811_002,20260811,2,5285917600812044521,4134f7f366382b01c77d548800c5c84ccaf12103dab90caa7074975a1b57f299,8edee5b30cde45fa48b234cc94fbc55748ed01d514edeadc018ee5ae459d0602,EXACT MATCH,True,1,1,1,1,1,1,51,51,1,1,0,0,301.131114823069,301.1311148230691,5.684341886080802e-14,727ab8669de99d3b84d7179ff3ffb1c8b36e7ffb69668de2ec03c1590dfe63ef,727ab8669de99d3b84d7179ff3ffb1c8b36e7ffb69668de2ec03c1590dfe63ef,True,True,True,51,5285917600812044521,0,b1f44c4a0fb9a1844cb3161bbf64eb5ea67b5bf8c5a5ea4f2bab88b4dd19d4e2,5.107620916009182,6.009788916999241,null
20260811_003,20260811,3,4870230045874889232,805dc6a0c3753dfd22d265592e56724420b7e679ec11c424e36083d657dc4f5f,13555cd0ad8dad09cb89e3f2f9c7d9ee5c09183a2dd7bf56924f33bcc3298830,EXACT MATCH,True,1,1,1,1,1,1,45,45,1,1,0,0,346.12024981797845,346.12024981797845,0.0,227e62945eb52c70648916ab6f29599114ee8a804604392a0c826b405ae8982b,227e62945eb52c70648916ab6f29599114ee8a804604392a0c826b405ae8982b,True,True,True,45,4870230045874889232,0,b1f44c4a0fb9a1844cb3161bbf64eb5ea67b5bf8c5a5ea4f2bab88b4dd19d4e2,5.310802583000623,4.656696791003924,null
20260811_004,20260811,4,5439685464939128410,63750f0d10ca982c61627854d57bfea016771678da4aedc6f0715aac028b65e1,02606f3ecf2a08f424ba6b22f944ad70b14e65b35a60d5499785082acb6d4ee9,EXACT MATCH,True,1,1,1,1,1,1,114,114,2,2,0,0,314.8190775449506,314.8190775449506,0.0,68bd5659bfa50f9b15b2f8ae40fe9a91bb638356236877b7d15e898c6ffde2f2,68bd5659bfa50f9b15b2f8ae40fe9a91bb638356236877b7d15e898c6ffde2f2,True,True,True,114,17391487311087233737,67752,f1be2a32aa042a0df355eb47ab9ef52dffffd68d789ec32ffc29b64e5f97be5c,12.284905082982732,11.666277040989371,null
20260811_005,20260811,5,8792214352843502736,aa489a0cfac57a77d1e9dad95f1cbf820bb68c22a58d71417adfe503d1bd658a,820d5d8baf762ec66dcd56fed15c78bf2798d4f9bd492f4553e99b4684865498,EXACT MATCH,True,1,1,1,1,1,1,100,100,2,2,0,0,329.44608680311944,329.44608680311944,0.0,8193df34d0530ac12bd7df388ddd815cc0186b81acac8e57d9fe3f1a360c99d0,8193df34d0530ac12bd7df388ddd815cc0186b81acac8e57d9fe3f1a360c99d0,True,True,True,100,4093684515775768911,67752,5b44ea6b89c519e48067b6ca0861bdd1f47164b45c87fac1e463d2ae419c57cb,9.998496833024547,10.959359416010557,null
20260811_006,20260811,6,11597767561949233287,c5266b88b9053f30748f4ed87ee718c2ad638b562a580cdefcadf7c7cb04ece4,ef3a33aa5ad19039260d9a324b474a44917aec91cfab9ce21311669775d49276,EXACT MATCH,True,1,1,1,1,1,1,21,21,1,1,0,0,270.52824890805505,270.52824890805505,0.0,81a5d43abc76e1b4952cb72961ca3f6cdad65de4fc4ab7b1fcf7cd3639c39b46,81a5d43abc76e1b4952cb72961ca3f6cdad65de4fc4ab7b1fcf7cd3639c39b46,True,True,True,21,11597767561949233287,0,b1f44c4a0fb9a1844cb3161bbf64eb5ea67b5bf8c5a5ea4f2bab88b4dd19d4e2,2.167993999988539,2.976321750000352,null
20260811_007,20260811,7,10240115457452263406,9c2b3c7f690389be3ecd7d3ea8dc733cfed6cc4c108bf93bebc0572a11c656ca,8f85aa4402eb778f21c5df56c25b8d6be417568233936b5b10ea29ebb6063d90,EXACT MATCH,True,1,1,1,1,1,1,78,78,1,1,0,0,373.69719295653067,373.69719295653067,0.0,a52fef0b0f069380c953697b12f2c7ec6f012e6a8a680a2aab7a27c13d8c7b9b,a52fef0b0f069380c953697b12f2c7ec6f012e6a8a680a2aab7a27c13d8c7b9b,True,True,True,78,10240115457452263406,0,b1f44c4a0fb9a1844cb3161bbf64eb5ea67b5bf8c5a5ea4f2bab88b4dd19d4e2,9.463607167010196,7.935330625012284,null
20260811_008,20260811,8,13183679499127727963,15915706cf7c451325ed31589f924323bf3fcd704b0270ce4c5e30496937d018,414f7e27ad1e3aea98efdc4afc26e04e23208c0b92cb1a3dafc406cc8afdf7b7,EXACT MATCH,True,1,1,1,1,1,1,113,113,2,2,0,0,257.38494794159726,257.38494794159726,0.0,2d7c3c54995c6c12c2fcf2fce7d4cf37c676bd29f02a3ac5bc115b6c43092b70,2d7c3c54995c6c12c2fcf2fce7d4cf37c676bd29f02a3ac5bc115b6c43092b70,True,True,True,113,17965004355755020449,67752,ab36c9533ee87ca5880fe1883b35de410137df7d1d65dd8c20b3e080ee688c69,12.083960083022248,13.939362624980276,null
20260811_009,20260811,9,7420305196817032049,043f5a34065353ea3868aa615e85399d93a954d2916fa79451f67fe7119631cc,ccc8d02c8169fdaeaaa52f9c74dfa3e1238ac5d0e89bc35223d423517f8e2b2d,EXACT MATCH,True,1,1,1,1,1,1,74,74,1,1,0,0,281.26795917260876,281.26795917260876,0.0,0c6b317f3b6b0d3a00ac07f5ff5a985f827c64e0d017fd293ee03fba9e9bb348,0c6b317f3b6b0d3a00ac07f5ff5a985f827c64e0d017fd293ee03fba9e9bb348,True,True,True,74,7420305196817032049,0,b1f44c4a0fb9a1844cb3161bbf64eb5ea67b5bf8c5a5ea4f2bab88b4dd19d4e2,7.50849179198849,8.317496999981813,null
20260811_010,20260811,10,2561458277920639138,89d864d2aaaf409c3b3e463a9b4dc4f366243e0766063d43a5059decf19ffc85,2b14aff0feb9688dbee136c997df54a4daad9178e473493e64a0b159c5a4b6c1,EXACT MATCH,True,1,1,1,1,1,1,32,32,1,1,0,0,278.2676039972531,278.2676039972531,0.0,ec771f8c46d1eaa10a01dd9fb1eeb35894eda9a68ed4a45416028b61eefa43df,ec771f8c46d1eaa10a01dd9fb1eeb35894eda9a68ed4a45416028b61eefa43df,True,True,True,32,2561458277920639138,0,b1f44c4a0fb9a1844cb3161bbf64eb5ea67b5bf8c5a5ea4f2bab88b4dd19d4e2,3.2538411670248024,3.2504101670056116,null
20260811_011,20260811,11,8078582994456052044,75ad5fd65e339c6ff0ae738d0918db6068140601a7b17b0fa817a202a7b42538,a93ed9ef94d313cc2c0f5f7f08c764817d6a3bd823596fe661321b089c2417e7,EXACT MATCH,True,1,1,1,1,1,1,73,73,1,1,0,0,334.53197140417876,334.53197140417876,0.0,03e71d9c15fa41852f5d0bf7cbe87ee9ee69024d615f3d91b760e6d7bacf14db,03e71d9c15fa41852f5d0bf7cbe87ee9ee69024d615f3d91b760e6d7bacf14db,True,True,True,73,8078582994456052044,0,b1f44c4a0fb9a1844cb3161bbf64eb5ea67b5bf8c5a5ea4f2bab88b4dd19d4e2,8.257332458015298,7.411640332982643,null
20260811_012,20260811,12,12808455088834327277,123279b8b5d5e2afe2266f4b66343e9254a3e2dfa6202716daea812be8645015,44770848dc96f922549852191f498879ee80e5f988143d5e4f3c63e8b90f4899,EXACT MATCH,True,1,1,1,1,1,1,137,137,2,2,0,0,272.8895798394267,272.8895798394267,0.0,bfadc82a06957d2ae00aeac423352e28afec486f4eb07b24fff1c1155dad2e04,bfadc82a06957d2ae00aeac423352e28afec486f4eb07b24fff1c1155dad2e04,True,True,True,137,16872691644683574566,67752,2fdfd457abc9d3ba55751e80c4c354e6b5334a0d8433c3f6b575464ff884f323,14.71808575000614,15.965592292021029,null
20260811_013,20260811,13,7478962685137083256,2bd5bf5cfe88ff6a5bdaa535639fcec3c255a65910a889caf022f5a3c73f0fe3,38050104e08f814440ef5f296079ecf42a5e6a28edb69b2bda6282eccbd13a59,EXACT MATCH,True,1,1,1,1,1,1,126,126,2,2,0,0,425.91845015790307,425.918450157903,-5.684341886080802e-14,b95f8ce8ed8cc0d8139d1480efa05224b3412d0448a2272ccee6a7287f009ecd,b95f8ce8ed8cc0d8139d1480efa05224b3412d0448a2272ccee6a7287f009ecd,True,True,True,126,3859108314703142526,67752,36041d2d72779217c0974a71c619e64160e0750062d7f691ca573c22f347a71c,12.701724540995201,14.470036249986151,null
20260811_014,20260811,14,11156411659614648304,0b07ca7597a1e3befa5068bbb3ab7491ac71879cdf7e648b0251c70203fb7c2b,de3f615d6db2b0785f82eded6c1f2fe087145e2c3a2296aceddb3a7ea70247d7,EXACT MATCH,True,1,1,1,1,1,1,36,36,1,1,0,0,309.29812843956813,309.29812843956813,0.0,aae339ed1041de1c2f8365d2614f29653b87d72446cd2182f7282ae07278ed73,aae339ed1041de1c2f8365d2614f29653b87d72446cd2182f7282ae07278ed73,True,True,True,36,11156411659614648304,0,b1f44c4a0fb9a1844cb3161bbf64eb5ea67b5bf8c5a5ea4f2bab88b4dd19d4e2,3.5993149999994785,3.743838834023336,null
20260811_015,20260811,15,16838006490020479505,91606617eace009644af6436e5825bba58c882af613bfb2faa2dbfe6542fb5bf,c11283978b742210b5bac55c6813232b71ec2f4d666ec74c4d3e9023cc84b3d7,EXACT MATCH,True,1,1,1,1,1,1,537,537,9,9,0,0,405.196844057334,405.196844057334,0.0,821b9426ab7df27a652b08f6c3413b46e90ac929c5e7a8253266f7c2d0c97bfa,821b9426ab7df27a652b08f6c3413b46e90ac929c5e7a8253266f7c2d0c97bfa,True,True,True,537,5887517988276465820,542016,efa073fd36ff10ca20f4a5a54699f947f7cbec168aa0711224dedd2810e7744f,57.950190917006694,57.68407791599748,null
20260811_016,20260811,16,221122456675719003,a7283f53b3ec917b83fef9790846e63645932745e868d8d3e6fd5e80e934d57a,ff94c1326e8a86030608434139702192bcb91b515b8909f7be7a0317a72e1ca0,EXACT MATCH,True,1,1,1,1,1,1,135,135,2,2,0,0,335.76037749514626,335.76037749514626,0.0,79c0ab746215d701b027894a173fa865e7a0dcea31ffff49503702d1f943bbcf,79c0ab746215d701b027894a173fa865e7a0dcea31ffff49503702d1f943bbcf,True,True,True,135,7557747349423618125,67752,3c72cd31f52b650018929f25401252b64a4f9ace7af208b5ec2ac52db8cddcb4,14.23454416700406,14.54681908301427,null
20260811_017,20260811,17,10520600895686187117,ee263bd5f9d676ae8ac8e590b8d0ef667faf6aae6403b59afcd12e2a2c2eb2b2,ed6acec445a90ea20ab22cba018e3b88a56d437ff574f0158ac1d18fa6385033,EXACT MATCH,True,1,1,1,1,1,1,66,66,1,1,0,0,310.8063991347773,310.8063991347773,0.0,503ff77383c4bff67af623e1018b2c5d00d6fcc448b0fd1659e874da98334404,503ff77383c4bff67af623e1018b2c5d00d6fcc448b0fd1659e874da98334404,True,True,True,66,10520600895686187117,0,b1f44c4a0fb9a1844cb3161bbf64eb5ea67b5bf8c5a5ea4f2bab88b4dd19d4e2,6.670607334002852,6.704647000005934,null
20260811_018,20260811,18,12508260089232246994,5c2d602e44af77b4764f71720536cb1d315029b42cdbeaf0eceb275d6ae13517,98dd2b77f42c0649fc5ed24b1bb4f5302a8904a1157db281a6752e7b4a3f1280,EXACT MATCH,True,1,1,1,1,1,1,254,254,4,4,0,0,373.4877980528156,373.4877980528156,0.0,99fa24eddd2fe9c0ca343f5be1b78c39f8fe6a2449fd5e05f324ae09dd0b2006,99fa24eddd2fe9c0ca343f5be1b78c39f8fe6a2449fd5e05f324ae09dd0b2006,True,True,True,254,283108806020748319,203256,f7b2a5ec150e2c684ab74464be93ae4663bba9f31639b1f81252cfd494590b7e,27.092713000020012,26.66652866700315,null
20260811_019,20260811,19,5636405336155466579,ef93ee3332dd5ef476f251c9ef893fe1c0af03aeb4c9da628dafb1ec9307bd1c,ee8c8119647b36b01af9d3c8a3613392cf7f5cf951712e5ddc9fc1e758799e40,EXACT MATCH,True,1,1,1,1,1,1,23,23,1,1,0,0,316.6001322510972,316.6001322510972,0.0,602305d973a72a0a953432a013af21a4a2ea7c1325224afebd1d01282b82f335,602305d973a72a0a953432a013af21a4a2ea7c1325224afebd1d01282b82f335,True,True,True,23,5636405336155466579,0,b1f44c4a0fb9a1844cb3161bbf64eb5ea67b5bf8c5a5ea4f2bab88b4dd19d4e2,2.370132707990706,2.407024333020672,null
20260811_020,20260811,20,17960158587654480707,15ce8ec5e97c9c3bc9095072ab57c4d6b0320a671429c95e9971bc34b17aaa3f,34c5a50ee913fa62dfc356c2e5c89b770c3cb04ad5397f38ea576a4053eb50a6,EXACT MATCH,True,1,1,1,1,1,1,132,132,2,2,0,0,385.41979172787023,385.41979172787023,0.0,bd8ad1f20c8362f3660cec5ad3c576816170f849d3c15f6f03e900ee30eca527,bd8ad1f20c8362f3660cec5ad3c576816170f849d3c15f6f03e900ee30eca527,True,True,True,132,4772624936302435707,67752,efb82e798e39df12f0ce5588d16de570e6b542f41b235cd1de261a19f3d8d8c2,13.380644999997457,13.427911875012796,null
20260811_021,20260811,21,7576333766788032507,65f1c0fb36055fede2a082cb7e093b57106cb2f1cb672439c20224a36a4dfcff,8c13db4cd1e6a764a785ae06190386bdb8fbe3a8c7da22c1eff1feec6151250c,EXACT MATCH,True,1,1,1,1,1,1,183,183,3,3,0,0,405.036434293301,405.036434293301,0.0,618aa19f28be60afa71a177b16bf2a3cfb72408822c92ec10b30f478f68fccb4,618aa19f28be60afa71a177b16bf2a3cfb72408822c92ec10b30f478f68fccb4,True,True,True,183,16121951071688965572,135504,352c54659dd8accc37e71c806d99a68f5424c77367e1482ba6d51ae13eabf33f,19.114447542000562,19.66660429100739,null
20260811_022,20260811,22,2657287600800773129,2209e4835342cde3c2824b7c17a684a4e54e6d157a724d4d97f0b503d47fb45e,c9af79e3adbca032f900fc97ec56a8751efc38465145eaa97cfcf1fc8ca0b615,EXACT MATCH,True,1,1,1,1,1,1,64,64,1,1,0,0,335.4195204053038,335.41952040530384,5.684341886080802e-14,24d5af6eb4c71f173d099c75be808995a5f6778aa95c5e561bc0b671fd4c58ef,24d5af6eb4c71f173d099c75be808995a5f6778aa95c5e561bc0b671fd4c58ef,True,True,True,64,2657287600800773129,0,b1f44c4a0fb9a1844cb3161bbf64eb5ea67b5bf8c5a5ea4f2bab88b4dd19d4e2,6.530676249996759,6.545884416002082,null
20260811_023,20260811,23,10399951486538895167,6ddbd7ea6e2889eca7e70f6ec41cf9e23efab438d4815cc99bc86f9351aefb8e,b836adce82a6ed5aafe3c5d9328ad28ad1ea3260f9548d48dafd101bc0f56a63,EXACT MATCH,True,1,1,1,1,1,1,195,195,3,3,0,0,402.8249278458179,402.8249278458179,0.0,82b8a4ede0f100084d0a8c96cfcc02f8ce4ac1490b9bd94f38fe32efd7e80854,82b8a4ede0f100084d0a8c96cfcc02f8ce4ac1490b9bd94f38fe32efd7e80854,True,True,True,195,15381696026586266315,135504,6a739b7ef2da6ac1998b26e3b658f31e8d43de7e27d98af06da5f460c28ce66d,20.316868709021946,21.488200583000435,null
20260811_024,20260811,24,3296197110880321045,70d9d1dd86576b8a975c6642aec0b498cf34782de1ec4f2adba949b745e6875b,e6a7825eb3ccf60599f4e6aed6134120c884b1214722243788baf435b39ad28e,EXACT MATCH,True,1,1,1,1,1,1,73,73,1,1,0,0,291.222054809026,291.222054809026,0.0,ef8321359ca543725d24130f82496800eb6965d3df4afb3aeff0d1dc82174896,ef8321359ca543725d24130f82496800eb6965d3df4afb3aeff0d1dc82174896,True,True,True,73,3296197110880321045,0,b1f44c4a0fb9a1844cb3161bbf64eb5ea67b5bf8c5a5ea4f2bab88b4dd19d4e2,8.107347208017018,7.48677995899925,null
20260811_025,20260811,25,4924991655058300892,72b52882cd41d9c4027a027306cd70b2fd08f66d3ab22e5482cfa52fd61aac47,6bf8ef03ae988e82c213831c5c8d808d48b6d9261ac0808de4a69ae4cc0e98b1,EXACT MATCH,True,1,1,1,1,1,1,371,371,6,6,0,0,359.6067667074997,359.6067667074997,0.0,cc22e709bdd945a3447d89cb83f9b89f1bc4e917d0771c438a98da27c2c16e94,cc22e709bdd945a3447d89cb83f9b89f1bc4e917d0771c438a98da27c2c16e94,True,True,True,371,5314586986174548259,338760,f4c6e7f43ad01758acbb37c282f11414292817e2a2c79b461ab875a4cd1a267e,38.69556883399491,37.972316667000996,null
20260811_026,20260811,26,15134709048464766590,e71cf651e4ebaf402ff2aa451cc52a4ea660ec0bac7b0ceafd1a3fd7809d1177,34f1deca88628c74727ddaba05d0ca7caaa4a397d18980fe675de672557a41ca,EXACT MATCH,True,0,0,0,0,0,0,1940,1940,32,32,15,15,,,,48996501372bf230682fc96e8a2b5ccc1ede32d75fb88c3fc5605955d3232d45,48996501372bf230682fc96e8a2b5ccc1ede32d75fb88c3fc5605955d3232d45,True,True,True,1940,8814311685837319270,2100312,54179faa4538109780a1fc934f69fdd348b64b37a409725878cb050ce42dc7a1,208.93964362502447,208.21852345799562,null
20260811_027,20260811,27,11538290679992291161,82caec2a839c79750c2740d11b8cbcdfd5c1afa65c33fe52a65fe99653541785,a11984c8f1cacdd2393769eeba7f1aba622f04f6702787174dba10126bb9f085,EXACT MATCH,True,1,1,1,1,1,1,334,334,6,6,0,0,369.8746497179269,369.8746497179269,0.0,4df71a6a88d305117fad69293165d68cd8c672b5db7b1387d6d22c868f8f7958,4df71a6a88d305117fad69293165d68cd8c672b5db7b1387d6d22c868f8f7958,True,True,True,334,5768175758855074298,338760,169b3228b0c069f76533c2c5a2b4968424199c6a93e55762b44b2471475832f3,33.631618792016525,34.65537420799956,null
20260811_028,20260811,28,9658996613670898465,f085cf40fcbb3d1e10af99cb7445ed802b054a58dee20f34a35dad014e80f91b,47a2664a0b6f897df60db9777188591ef244e324cb2a11120af4d3ec1d22b320,EXACT MATCH,True,1,1,1,1,1,1,538,538,9,9,0,0,378.9390246048778,378.9390246048778,0.0,10d7db4b9e4dd21902f725e1304d7ea35300c716f3325b099106c7dbbb78674c,10d7db4b9e4dd21902f725e1304d7ea35300c716f3325b099106c7dbbb78674c,True,True,True,538,17638142300553703491,542016,336b445f5d3fed2f998eaaaa82b6ec4733d32200632980f2fd3c4c28e875f9a8,60.30948387499666,57.24996529199416,null
20260811_029,20260811,29,12160922851109679263,bb605ed0e8ecb0cc8771d8dd616cc1334d4771011ed984978cf124b971c0e184,9222cfab9895d438e70ac06acd41b6a3326e743f622548c14b0068d3d8ac7652,EXACT MATCH,True,1,1,1,1,1,1,34,34,1,1,0,0,226.6341805350745,226.63418053507448,-2.842170943040401e-14,1591bd2b6104a9bd448f68f1959a081545e2ac9680e49040baa44155e797cfd6,1591bd2b6104a9bd448f68f1959a081545e2ac9680e49040baa44155e797cfd6,True,True,True,34,12160922851109679263,0,b1f44c4a0fb9a1844cb3161bbf64eb5ea67b5bf8c5a5ea4f2bab88b4dd19d4e2,3.485993749985937,3.5309199999901466,null
20260811_030,20260811,30,13068952178398018031,a4ad416ecd3413d3d69e4f00c672d159b0db63a93333ee252f1bf4a37bab7b7b,5fbacfbf778c499a06f596919cfde77075217caa403e17873ebad817a33c4bd9,EXACT MATCH,True,1,1,1,1,1,1,31,31,1,1,0,0,332.15061678648215,332.1506167864821,-5.684341886080802e-14,7bcce32a9e6425e61b0595c72b60b38277cf19cb9cab734a06d323d38eca4f03,7bcce32a9e6425e61b0595c72b60b38277cf19cb9cab734a06d323d38eca4f03,True,True,True,31,13068952178398018031,0,b1f44c4a0fb9a1844cb3161bbf64eb5ea67b5bf8c5a5ea4f2bab88b4dd19d4e2,3.937130417005392,3.2449909999850206,null
20260811_031,20260811,31,10101235573465291342,aef1854a94e7f937f1b2899e4dc47e79f96cda4a7c105842a87b51e8d234a510,08f215aa0a19a792ab15b88c600fb372532b917f55efbc1bfc7489ae5c78e07d,EXACT MATCH,True,1,1,1,1,1,1,57,57,1,1,0,0,394.7011525225419,394.701152522542,5.684341886080802e-14,fb1fa7150d3aacb1c9bb8850f6b977c6af98f8563a1cd990645e39d70f44613e,fb1fa7150d3aacb1c9bb8850f6b977c6af98f8563a1cd990645e39d70f44613e,True,True,True,57,10101235573465291342,0,b1f44c4a0fb9a1844cb3161bbf64eb5ea67b5bf8c5a5ea4f2bab88b4dd19d4e2,6.547174916981021,6.735941166989505,null
20260812_000,20260812,0,270889637390886203,83059e319d2addefab75a6c0c42c5938d10c8bbe31604f81af2ff0929f046d40,c029ef44151f13cbff6ed101074e54fb5245bc36da8bcafd670bf2d3846bdf1d,EXACT MATCH,True,1,1,1,1,1,1,63,63,1,1,0,0,462.3679500667775,462.36795006677744,-5.684341886080802e-14,6a79e1d228a102263e9c923a5ad0bfb3d718d0d078bd9c158fb5caa27ed9ad17,6a79e1d228a102263e9c923a5ad0bfb3d718d0d078bd9c158fb5caa27ed9ad17,True,True,True,63,270889637390886203,0,b1f44c4a0fb9a1844cb3161bbf64eb5ea67b5bf8c5a5ea4f2bab88b4dd19d4e2,7.239109957998153,7.50812254199991,null
20260812_001,20260812,1,8007721504213493471,cf2904daf47e56edcdf41cb5d1c7e1d0d68744b0e372e442498d0b7f56b7b671,1ae2bcbc6c0f178c5b7465f7df5efc2c2d40f855288ca1bb26c9da3852f7929c,EXACT MATCH,True,1,1,1,1,1,1,56,56,1,1,0,0,300.0744781913189,300.0744781913189,0.0,703897a94a162fb2a789f5f74ce3dea0bd0b91a1e833442206155ca8bfc40213,703897a94a162fb2a789f5f74ce3dea0bd0b91a1e833442206155ca8bfc40213,True,True,True,56,8007721504213493471,0,b1f44c4a0fb9a1844cb3161bbf64eb5ea67b5bf8c5a5ea4f2bab88b4dd19d4e2,6.271238250017632,5.821127874980448,null
20260812_002,20260812,2,13309767019170863744,ab11360de5d13b30ced21f555b5ac8f7ae33ddb16feefcd9ccd9a0cd4b4dd89b,a93ed9ef94d313cc2c0f5f7f08c764817d6a3bd823596fe661321b089c2417e7,EXACT MATCH,True,1,1,1,1,1,1,96,96,2,2,0,0,231.7622222661438,231.7622222661438,0.0,ddd0cacb86b15757f7993ff1e99200ade342e94f78cb244b1c9b0022bdc0965c,ddd0cacb86b15757f7993ff1e99200ade342e94f78cb244b1c9b0022bdc0965c,True,True,True,96,17674527828973629829,67752,f99edd42dd27189565bb2249e5024089eb74bd5cd2e3c46e919b007b0ac84349,10.42108591698343,9.79188679199433,null
20260812_003,20260812,3,10210601533865766942,1edbb86cd7c487f39a7f7c9f1b87d7f97263950501eba0de3cae899823ee0665,b0c4864b552dc25ee904c5aecc4571ad9f1be0d59cdbf9f2c80450612457cf2a,EXACT MATCH,True,1,1,1,1,1,1,160,160,3,3,0,0,326.5576629249812,326.5576629249812,0.0,9fe3bccfcf92b640afebae3b2e2020fad459a420a0bfe8acb62424fc5d7d2d34,9fe3bccfcf92b640afebae3b2e2020fad459a420a0bfe8acb62424fc5d7d2d34,True,True,True,160,16913793942978031012,135504,8710695c1cf2a9bd07f0cc75e4ade2b25fd3d4aa66769230e9ae5880adfe3930,16.7242091660155,17.016406375012593,null
20260812_004,20260812,4,17688753493651476981,6ff99221df9055a0305ba285b3413248bb1c96e5006bd0fff968b8f90cb0ec26,95d5261385a198b3eb8ca5ce5f30e6c599ba3dbfd6d8db74b394298fb1faf5fd,EXACT MATCH,True,1,1,1,1,1,1,64,64,1,1,0,0,269.7750159285819,269.77501592858187,-5.684341886080802e-14,757a54d8224a57f6a990c64830100bdf873439de3797206e0cbaa72a07e04d6c,757a54d8224a57f6a990c64830100bdf873439de3797206e0cbaa72a07e04d6c,True,True,True,64,17688753493651476981,0,b1f44c4a0fb9a1844cb3161bbf64eb5ea67b5bf8c5a5ea4f2bab88b4dd19d4e2,6.5351447080029175,6.496676459006267,null
20260812_005,20260812,5,15844609613139332780,531144fbda35077b3c630d5db06e992dce4585bb0765ea7a98e0d0feb1eef710,4aa45e34ef05ae35241e9bd135671faf55111f6ba57f3fc763e8a0633c423ed0,EXACT MATCH,True,1,1,1,1,1,1,27,27,1,1,0,0,281.5412901945348,281.5412901945348,0.0,a8a8b050e829a5fe8a77d3182e08a6436e8dda860836cbc5531c5b32a5b740dd,a8a8b050e829a5fe8a77d3182e08a6436e8dda860836cbc5531c5b32a5b740dd,True,True,True,27,15844609613139332780,0,b1f44c4a0fb9a1844cb3161bbf64eb5ea67b5bf8c5a5ea4f2bab88b4dd19d4e2,2.7004556670144666,3.513962375000119,null
20260812_006,20260812,6,860020932602830952,32c673e5ea71d9d52ac2fc40ae6e44c5218512f1b2dc9a5c7d1461cc4dc732c3,38ac7bda3d1c2bebaee514c7bf472ec10c12ee6bd464d5e75ea8b09ff9425fcb,EXACT MATCH,True,1,1,1,1,1,1,187,187,3,3,0,0,335.5598614791322,335.5598614791322,0.0,a6b9b78d1b927834c7f290e4f7179b9943c62ed85c6b110dc131fa5faa8d0245,a6b9b78d1b927834c7f290e4f7179b9943c62ed85c6b110dc131fa5faa8d0245,True,True,True,187,13366724696140719276,135504,d9c963b0ecfdbb1e5195c6f882b40b152d903234dc8fb2c7736175736c339380,19.48375087499153,19.692293083004188,null
20260812_007,20260812,7,13478216063222435753,53fa68004ece09426c5ec043515cace413cb0aa63b3bb7a0d4c1073c0afc1c3f,6439411b74e32bb6b6cbb978faa49e2d7e634a18968a8cd19a92f73280c583dc,EXACT MATCH,True,1,1,1,1,1,1,234,234,4,4,0,0,484.836473144737,484.836473144737,0.0,b9ca3298aeb8fd239c14b38c1080aba5c544d7bb1374a426d3ee0f31fcff59fb,b9ca3298aeb8fd239c14b38c1080aba5c544d7bb1374a426d3ee0f31fcff59fb,True,True,True,234,11032748219432444100,203256,6512fe15b7bf2bbd3574579f672e78b7f2f2fc5994cbda93efe7ce5eea9f86e4,23.445451375009725,25.31665779199102,null
20260812_008,20260812,8,3811912405344925325,b937f2d07c26b31a9c7923b99c72581d06067713baab2d3413dc0265d0732619,afc950804dbf5b7a744f9f7037765508df0d3fcd77034334b1114e4365ac3e95,EXACT MATCH,True,1,1,1,1,1,1,79,79,1,1,0,0,265.802528683075,265.802528683075,0.0,cda6256b4b0036ba5f1f081b94a4bff8983295ac94ed2ba4af56705b9a87aaf9,cda6256b4b0036ba5f1f081b94a4bff8983295ac94ed2ba4af56705b9a87aaf9,True,True,True,79,3811912405344925325,0,b1f44c4a0fb9a1844cb3161bbf64eb5ea67b5bf8c5a5ea4f2bab88b4dd19d4e2,8.66295200001332,8.749058332992718,null
20260812_009,20260812,9,1137728662575136148,4ec5923733a21518b5628af0818017f0fc91e1f7bb7a65f5433269ba624d40a7,34f1deca88628c74727ddaba05d0ca7caaa4a397d18980fe675de672557a41ca,EXACT MATCH,True,1,1,1,1,1,1,58,58,1,1,0,0,297.4822755189275,297.48227551892757,5.684341886080802e-14,e622ed739ff844f92a0cc9c3227bb74a2a3e026e70aafa73496e92efcfb8b909,e622ed739ff844f92a0cc9c3227bb74a2a3e026e70aafa73496e92efcfb8b909,True,True,True,58,1137728662575136148,0,b1f44c4a0fb9a1844cb3161bbf64eb5ea67b5bf8c5a5ea4f2bab88b4dd19d4e2,5.825531708018389,7.298167750006542,null
20260812_010,20260812,10,15051203458072892940,0a56d2d526e3952fc560dfea47768ba8d0f8e957a6944f436716e6ff4471698e,9aa22a2a77c1ac020c6e3912e01e08143d469cd15359ab5151c53aa52f6dc7e0,EXACT MATCH,True,1,1,1,1,1,1,36,36,1,1,0,0,432.9327645503496,432.9327645503495,-1.1368683772161603e-13,725a0e0747356112e30b847916f78df3df050a77809904e306e77b8317b512d0,725a0e0747356112e30b847916f78df3df050a77809904e306e77b8317b512d0,True,True,True,36,15051203458072892940,0,b1f44c4a0fb9a1844cb3161bbf64eb5ea67b5bf8c5a5ea4f2bab88b4dd19d4e2,5.070100917015225,3.6889664590125903,null
20260812_011,20260812,11,470894084651077011,3fbdeff3cf382272134efd028c69da3bc8a22ea8a3f74772f68e013ef523e8b3,ffbb606229868908952e5d38f41c62b6f984b207e9c1418e4f239ecb11c5576e,EXACT MATCH,True,1,1,1,1,1,1,48,48,1,1,0,0,308.69037060448784,308.6903706044879,5.684341886080802e-14,a4f462e657d652055b83ff6104c4280c4da1e41b37ed1c444f7ac07c1c36bf2d,a4f462e657d652055b83ff6104c4280c4da1e41b37ed1c444f7ac07c1c36bf2d,True,True,True,48,470894084651077011,0,b1f44c4a0fb9a1844cb3161bbf64eb5ea67b5bf8c5a5ea4f2bab88b4dd19d4e2,5.547029207984451,5.647118958004285,null
20260812_012,20260812,12,9495154671304254520,a1f4651562f7825b871faee63901c2e4c18aeda1366b3f3db40b220216c83818,68bb6628e9e186a77662c8a0fc0eca4672409a0f06223750c2237648d804f47c,EXACT MATCH,True,1,1,1,1,1,1,99,99,2,2,0,0,375.96788609262455,375.96788609262455,0.0,c152d8f8c2ad18a0895077af1e65460ee06cbbe32957b24d511daf62ae7b315d,c152d8f8c2ad18a0895077af1e65460ee06cbbe32957b24d511daf62ae7b315d,True,True,True,99,16586031870498296319,67752,4741f0450e3d7d8c77e2d59632778f16f4b59e1d1214ecdedd0f00a052175f03,11.358761375013273,10.190685042005498,null
20260812_013,20260812,13,8638601424716686462,2b031b903af71146854196746f8d7cf96e6e3c2dbb6cefc3919658c9f8d349d7,6fa7aff3db2ae0b94355d8a5501b3783f29d3baf4ab6dc554e40308604439115,EXACT MATCH,True,1,1,1,1,1,1,173,173,3,3,0,0,347.2776365427093,347.2776365427093,0.0,70537495ad9fbc51db395503458b5e641adfb0a968ada258d571d14767fabba3,70537495ad9fbc51db395503458b5e641adfb0a968ada258d571d14767fabba3,True,True,True,173,8142015567957563871,135504,1c19268379f440968564f49e1079527f3412c03c4de62008de8cc87b3d5fd23e,18.883082749991445,17.48273791599786,null
20260812_014,20260812,14,12992113586448757321,c9a43b9ea8af4b23503566f3ac2404c5c26356a807805321aad761995f090244,70de76ea56aa92ada328ba119fcc08498beb33f61ff4f66790deaffd3cb5e81b,EXACT MATCH,True,1,1,1,1,1,1,403,403,7,7,0,0,399.6399398989042,399.6399398989041,-5.684341886080802e-14,4a221ae89183f77a4c900ba2a834c815ae16eea6dd67e2c693bf154723e506e0,4a221ae89183f77a4c900ba2a834c815ae16eea6dd67e2c693bf154723e506e0,True,True,True,403,4476435599176964182,406512,65a946ef6ada17dd0d2886b2cfc4af59e5fa4d9d4fd3abd9a832d9f7f28021b4,41.75302120798733,43.018691374978516,null
20260812_015,20260812,15,9979775049283296575,949c188dda534d99f89dc42921a550f0d44e481e541ae53cfbf351ccb7dc4f75,6e3fbb7d20a3d0bfdaed944de60dc4739ca0782555b7c7ee86781b338e71a9a1,EXACT MATCH,True,1,1,1,1,1,1,641,641,11,11,0,0,471.25685318122584,471.25685318122584,0.0,0d4aba70b92b39c7b6ef02c8e854584e14af0cf045ec4742d2ca42da4b816dda,0d4aba70b92b39c7b6ef02c8e854584e14af0cf045ec4742d2ca42da4b816dda,True,True,True,641,16867372888556941785,677520,fc7524fb067025c15393cede9efece1d13ede96e181f744cb7870e40bf621cdc,66.86960895900847,68.66637958298088,null
20260812_016,20260812,16,5033594309272005557,74e177a055953dcb57560904b24b88cb0b6ae1cf161b6d1c4fe68532a31e8aeb,e8f39d86a9262db0c52cfdc7065f172476571aa872e8b383eec096e433f63438,EXACT MATCH,True,1,1,1,1,1,1,71,71,1,1,0,0,406.79039514854117,406.79039514854117,0.0,f5c7f814861312c592dfa01e6f620fcf9f34030058f08e3f76e299b851545681,f5c7f814861312c592dfa01e6f620fcf9f34030058f08e3f76e299b851545681,True,True,True,71,5033594309272005557,0,b1f44c4a0fb9a1844cb3161bbf64eb5ea67b5bf8c5a5ea4f2bab88b4dd19d4e2,7.1355439579929225,7.174652540998068,null
20260812_017,20260812,17,4994072420896573804,dc486699379e2209a465592f7ed40ea8d84ed854de22bec2e5b6fa11fef81ad3,cb38e544a793f8d61a6200cc90dcbd26bf081b4ab3827f51780bb2a9d79f9a09,EXACT MATCH,True,1,1,1,1,1,1,55,55,1,1,0,0,417.9508542796515,417.9508542796515,0.0,86e7344e1c2cc655b31f72e281f09e75abd59dfd2d3b8109ea7c6e25574a2094,86e7344e1c2cc655b31f72e281f09e75abd59dfd2d3b8109ea7c6e25574a2094,True,True,True,55,4994072420896573804,0,b1f44c4a0fb9a1844cb3161bbf64eb5ea67b5bf8c5a5ea4f2bab88b4dd19d4e2,5.448500917002093,5.6043560419930145,null
20260812_018,20260812,18,11579165494043876679,b33d5d713b61b47d35f4f6353e989ea97f8626aa7decd391fc6f8c4c4a315034,187355b101e4d1f66c7948f93d109b63e1e0e5ec14eba8043e6428aff3a3e4ca,EXACT MATCH,True,1,1,1,1,1,1,59,59,1,1,0,0,351.56754653064695,351.56754653064695,0.0,30b69bbe8529853e56ebddde98ad9d2ac4dbd38fd191b6400b1ee8fc0ec0b09d,30b69bbe8529853e56ebddde98ad9d2ac4dbd38fd191b6400b1ee8fc0ec0b09d,True,True,True,59,11579165494043876679,0,b1f44c4a0fb9a1844cb3161bbf64eb5ea67b5bf8c5a5ea4f2bab88b4dd19d4e2,5.923100207990501,6.020880416996079,null
20260812_019,20260812,19,10783150360528218276,e9f483bc1a5a0c65a40b07da0c19dc1013426fa86383b91c1f67c9e461c6a7c0,b043323af4d4532fd0599b2e98521e578681d8baaa6a503d8b440ada9ba5c5f6,EXACT MATCH,True,1,1,1,1,1,1,106,106,2,2,0,0,254.9611615414059,254.9611615414059,0.0,c6d5242ddc1725244a8599f4151924676c21da5e1196b39d03ab65dad23fcb8e,c6d5242ddc1725244a8599f4151924676c21da5e1196b39d03ab65dad23fcb8e,True,True,True,106,7551649069035055626,67752,bb35003aec0ebdbcb2fd0bf3adf3a3cc7fb3ecef18198ae50b0d1dc866c27970,10.614654833014356,11.59894058300415,null
20260812_020,20260812,20,6745458781375798781,84f01f8e9e95cc27e18c33645511415fb68e44b498ef88ec676deecd92f4597f,9136b05e5ebbd767e678639d590ffd51738d1831121dfb19621750870c78cb89,EXACT MATCH,True,1,1,1,1,1,1,616,616,10,10,0,0,367.7072890880148,367.7072890880148,0.0,7cc56db22d4ce05b2d0a6a80c2d5faf26c4238506254996d674b7471e888f002,7cc56db22d4ce05b2d0a6a80c2d5faf26c4238506254996d674b7471e888f002,True,True,True,616,7705041457120034897,609768,16184f2b2b75d8769770f6ca24dd11b69b4b7773a71818e629428d5ed8dc8735,65.238880082994,66.29799854202429,null
20260812_021,20260812,21,18442872413594831343,92d05aca13f94ca8efe956be600166e567e253c13efdc967cca8da3ebb608d83,f8e8e742b81b806604fc01df885572a777edfa92cf5e81ce6347f49d84780545,EXACT MATCH,True,1,1,1,1,1,1,48,48,1,1,0,0,294.2752260965956,294.2752260965956,0.0,c6b0e98ca1928f80f97982fb9b1146e92de52b7dae84a4a497e8f3cf48eaee9c,c6b0e98ca1928f80f97982fb9b1146e92de52b7dae84a4a497e8f3cf48eaee9c,True,True,True,48,18442872413594831343,0,b1f44c4a0fb9a1844cb3161bbf64eb5ea67b5bf8c5a5ea4f2bab88b4dd19d4e2,4.88039312500041,5.023485207988415,null
20260812_022,20260812,22,14060101346848647061,0fc3a9603e722a03369cb46bda0fb12e01f1677c4f4e895a966e7aa388cd2c15,fe4783767a4eb07c309c07d466f1fa3ab0d8e52c91ec1b296d84dd5ffeaadad0,EXACT MATCH,True,1,1,1,1,1,1,116,116,2,2,0,0,369.3369188457542,369.33691884575416,-5.684341886080802e-14,4fe4c53872af223279d0b8db4b913847f818d32b2f7ae9765d0350bf0bd786ad,4fe4c53872af223279d0b8db4b913847f818d32b2f7ae9765d0350bf0bd786ad,True,True,True,116,1112260097139911824,67752,c1f992e2690fb866748c289b458ceb386dbabc00ebf33430e00c639900e226b5,11.793443208007375,11.80807574998471,null
20260812_023,20260812,23,12113082717464450409,80feab64c3cad56bdc38bc2b0dd576a9991071825eefbc46df19edaec4b5c8d8,248cc85f9f0dce3bf277e69057bb9c889d011daa4512df5dfaf8a9fb3e4cc3ef,EXACT MATCH,True,1,1,1,1,1,1,34,34,1,1,0,0,343.78606172919956,343.7860617291996,5.684341886080802e-14,494fecd266763b117fd1cd58c965ef2218bd8734c98e2699d5206b1cbdb9ddf5,494fecd266763b117fd1cd58c965ef2218bd8734c98e2699d5206b1cbdb9ddf5,True,True,True,34,12113082717464450409,0,b1f44c4a0fb9a1844cb3161bbf64eb5ea67b5bf8c5a5ea4f2bab88b4dd19d4e2,3.4421400420251302,3.471749791991897,null
20260812_024,20260812,24,16083735536231687899,ec2b21be9d4bdbc1d4193d8550501957b438020ebf5bb24160f88eac12bbf4a4,c4c81db281f1407d103770016fbc125544b2dcc247c5b73825f16839f31a3318,EXACT MATCH,True,1,1,1,1,1,1,417,417,7,7,0,0,469.05787536240206,469.057875362402,-5.684341886080802e-14,b20355d4ca3eaefdee4cdb2d07527e531d39f2ade218d6a20a7c194e349660ac,b20355d4ca3eaefdee4cdb2d07527e531d39f2ade218d6a20a7c194e349660ac,True,True,True,417,6487927317377171550,406512,c35d309154f9ddc91013b23044fd51050b6ed00a48d448951102414a66deb801,43.22078220802359,45.535052500024904,null
20260812_025,20260812,25,4876608333208029811,372f37dd1dc60d6391eac72605d0990d3282a77b4df2ec316d260e73ddcd8ca8,defba94d071a3373c27b4b15959db14a670a73a24b5fb6982c8005c912d48f42,EXACT MATCH,True,1,1,1,1,1,1,133,133,2,2,0,0,451.2013295166631,451.2013295166631,0.0,c42c69c3920733426d668eac5168951afae2cfcbe339f3d981c0e2b8d865f622,c42c69c3920733426d668eac5168951afae2cfcbe339f3d981c0e2b8d865f622,True,True,True,133,4936078702085730782,67752,8323a080c19a0e9da00f1e167675857f076f2db6277a14f5d390d619b26fdc49,13.418425749987364,13.479952458001208,null
20260812_026,20260812,26,13442402982536081687,8230ebea7ebb54e20c27bad967a1491b5c27b2c0e7ce4b6359191e65ded7551f,11fe239a74c15097d90bb3d95154fdabac1dda1228f7f0c2fe357da6e7e6492e,EXACT MATCH,True,1,1,1,1,1,1,78,78,1,1,0,0,350.9003271714365,350.9003271714366,5.684341886080802e-14,903476f6bde00292e4b921aa7a89bd4172763f42e44c533770944e364a87781f,903476f6bde00292e4b921aa7a89bd4172763f42e44c533770944e364a87781f,True,True,True,78,13442402982536081687,0,b1f44c4a0fb9a1844cb3161bbf64eb5ea67b5bf8c5a5ea4f2bab88b4dd19d4e2,7.885122624982614,7.933832540991716,null
20260812_027,20260812,27,14610321434395427763,957a887d803432a68277c072e9fc7e41b5dd073515753d47c1f58b6dc1be2571,26874c04b91cd65e04aadd618a390b8ee905e7238450e6ac3e3a4a8ec1c62bd5,EXACT MATCH,True,1,1,1,1,1,1,64,64,1,1,0,0,353.37081316820087,353.3708131682009,5.684341886080802e-14,e711642c4cb8ba3f1102f0ad257562c44a25f48209d912ec3513d79ac45a076c,e711642c4cb8ba3f1102f0ad257562c44a25f48209d912ec3513d79ac45a076c,True,True,True,64,14610321434395427763,0,b1f44c4a0fb9a1844cb3161bbf64eb5ea67b5bf8c5a5ea4f2bab88b4dd19d4e2,7.142189125006553,6.571169375005411,null
20260812_028,20260812,28,6557321410357153013,da3a6d230ad6a5e3f780ecee9c793fc4ee9fc6f17023ad492c1c979ef9e49899,f1e5b5dd036de8577554a301f6ab8487130251970623487b06dbca4a45e9324b,EXACT MATCH,True,1,1,1,1,1,1,48,48,1,1,0,0,318.86113231343415,318.8611323134341,-5.684341886080802e-14,b07bcef0b99e6c4a6e14c2dd97e8d2c1d8e1a28fac339b82b904183973858e69,b07bcef0b99e6c4a6e14c2dd97e8d2c1d8e1a28fac339b82b904183973858e69,True,True,True,48,6557321410357153013,0,b1f44c4a0fb9a1844cb3161bbf64eb5ea67b5bf8c5a5ea4f2bab88b4dd19d4e2,4.854113291978138,5.622348917007912,null
20260812_029,20260812,29,14908104894443502905,8b28150527d4d0ad63f566afd584d7cdf200f40f7b711148ccf5f1178b4d5797,901ee131100fc0dbe659a4e1e7a47af41e39990d6ac7bcf1775dee2ae528fae8,EXACT MATCH,True,1,1,1,1,1,1,110,110,2,2,0,0,274.0669548010361,274.0669548010361,0.0,6c4d2e2d69c230661c2a7f4743caf96623e1dd1b1237affd7ccb9fd39eab4a85,6c4d2e2d69c230661c2a7f4743caf96623e1dd1b1237affd7ccb9fd39eab4a85,True,True,True,110,7909370434881802492,67752,bb1c94b3f8db885dad90c8e4af0df55ec6ba30caf725eda955630637f2f1a16d,12.576717124989955,10.003072749997955,null
20260812_030,20260812,30,14917229497518780788,99d20a4f97826ba100005d3f36e6b8cad456ec2abb3dd4c5be46539a632fbf1d,35a5fcc94579f35059c38d25fce2e202e0ed2d25168373c8a430e09b751958ec,EXACT MATCH,True,1,1,1,1,1,1,79,79,1,1,0,0,341.5264165324227,341.5264165324227,0.0,c0a0abc9c3b838d971629ac2cb7a7338e1be6843ffd36ed7078132adffe1ae5b,c0a0abc9c3b838d971629ac2cb7a7338e1be6843ffd36ed7078132adffe1ae5b,True,True,True,79,14917229497518780788,0,b1f44c4a0fb9a1844cb3161bbf64eb5ea67b5bf8c5a5ea4f2bab88b4dd19d4e2,8.633637416001875,7.973340083000949,null
20260812_031,20260812,31,16432480893243593678,9023a7a648a91b0f5fbac1b7b4e9beb2fd50c191566bfd17f2a92fa99897f64f,b8747ba2f9b158d4d3c0472d8ca3415eb83a1551c4647b6ff9179884f55a55bd,EXACT MATCH,True,1,1,1,1,1,1,318,318,5,5,0,0,419.8276047023804,419.8276047023804,0.0,2a3e78705af026b97d5a79b9efa1370977e077236793b9351ad71a951c136606,2a3e78705af026b97d5a79b9efa1370977e077236793b9351ad71a951c136606,True,True,True,318,16971874867847238982,271008,c70efeed4e704d6d37534e661189e9d8e2079b2ea22a53c0677aef837aa259ba,16.503755290992558,7.458235208003316,null
