sample_seed,shot,iterations,relay_legs,difficulty_group,BA2_cycles,F1_cycles,F3_cycles,F1_delta_vs_BA2,F3_delta_vs_BA2
20260809,0,37,1,easy,120010450,120736246,119964406,725796,-46044
20260809,1,51,1,easy,165015340,166041940,164969506,1026600,-45834
20260809,2,74,1,medium,238951945,240472723,238906456,1520778,-45489
20260809,3,56,1,easy,181088515,182222545,181042756,1134030,-45759
20260809,4,53,1,easy,171444610,172514182,171398806,1069572,-45804
20260809,5,171,3,hard_tail,552909450,556375998,552772218,3466548,-137232
20260809,6,344,6,hard_tail,1112248170,1119224238,1111973736,6976068,-274434
20260809,7,56,1,easy,181088515,182222545,181042756,1134030,-45759
20260809,8,54,1,easy,174659245,175750303,174613456,1091058,-45789
20260809,9,117,2,medium,378250205,380625695,378158762,2375490,-91443
20260809,10,53,1,easy,171444610,172514182,171398806,1069572,-45804
20260809,11,104,2,medium,336459950,338556122,336368312,2096172,-91638
20260809,12,60,1,medium,193947055,195167029,193901356,1219974,-45699
20260809,13,181,3,hard_tail,585055800,588737208,584918718,3681408,-137082
20260809,14,39,1,easy,126439720,127208488,126393706,768768,-46014
20260809,15,165,3,hard_tail,533621640,536959272,533484318,3337632,-137322
20260809,16,226,4,hard_tail,730783330,735362422,730600324,4579092,-183006
20260809,17,58,1,medium,187517785,188694787,187472056,1177002,-45729
20260809,18,1940,32,hard_tail,6270598460,6310067348,6269136392,39468888,-1462068
20260809,19,41,1,easy,132868990,133680730,132823006,811740,-45984
20260809,20,74,1,medium,238951945,240472723,238906456,1520778,-45489
20260809,21,26,1,easy,84649465,85138915,84603256,489450,-46209
20260809,22,40,1,easy,129654355,130444609,129608356,790254,-45999
20260809,23,101,2,medium,326816045,328847759,326724362,2031714,-91683
20260809,24,127,2,medium,410396555,412986905,410305262,2590350,-91293
20260809,25,200,3,hard_tail,646133865,650223507,645997068,4089642,-136797
20260809,26,133,2,hard_tail,429684365,432403631,429593162,2719266,-91203
20260809,27,230,4,hard_tail,743641870,748306906,743458924,4665036,-182946
20260809,28,290,5,hard_tail,937588925,943473935,937360280,5885010,-228645
20260809,29,551,9,hard_tail,1780884480,1792100592,1780473354,11216112,-411126
20260809,30,56,1,easy,181088515,182222545,181042756,1134030,-45759
20260809,31,22,1,easy,71790925,72194431,71744656,403506,-46269
20260810,0,67,1,medium,216449500,217819876,216403906,1370376,-45594
20260810,1,31,1,easy,100722640,101319520,100676506,596880,-46134
20260810,2,74,1,medium,238951945,240472723,238906456,1520778,-45489
20260810,3,110,2,medium,355747760,357972848,355656212,2225088,-91548
20260810,4,967,16,hard_tail,3125655325,3145325311,3124924246,19669986,-731079
20260810,5,49,1,easy,158586070,159569698,158540206,983628,-45864
20260810,6,23,1,easy,75005560,75430552,74959306,424992,-46254
20260810,7,190,3,hard_tail,613987515,617862297,613850568,3874782,-136947
20260810,8,103,2,medium,333245315,335320001,333153662,2074686,-91653
20260810,9,1430,24,hard_tail,4622582970,4651647486,4621486044,29064516,-1096926
20260810,10,42,1,easy,136083625,136916851,136037656,833226,-45969
20260810,11,50,1,easy,161800705,162805819,161754856,1005114,-45849
20260810,12,34,1,easy,110366545,111027883,110320456,661338,-46089
20260810,13,189,3,hard_tail,610772880,614626176,610635918,3853296,-136962
20260810,14,63,1,medium,203590960,204875392,203545306,1284432,-45654
20260810,15,17,1,easy,55717750,56013826,55671406,296076,-46344
20260810,16,47,1,easy,152156800,153097456,152110906,940656,-45894
20260810,17,38,1,easy,123225085,123972367,123179056,747282,-46029
20260810,18,72,1,medium,232522675,234000481,232477156,1477806,-45519
20260810,19,550,9,hard_tail,1777669845,1788864471,1777258704,11194626,-411141
20260810,20,285,5,hard_tail,921515750,927293330,921287030,5777580,-228720
20260810,21,104,2,medium,336459950,338556122,336368312,2096172,-91638
20260810,22,77,1,medium,248595850,250181086,248550406,1585236,-45444
20260810,23,47,1,easy,152156800,153097456,152110906,940656,-45894
20260810,24,66,1,medium,213234865,214583755,213189256,1348890,-45609
20260810,25,58,1,medium,187517785,188694787,187472056,1177002,-45729
20260810,26,1940,32,hard_tail,6270598460,6310067348,6269136392,39468888,-1462068
20260810,27,56,1,easy,181088515,182222545,181042756,1134030,-45759
20260810,28,45,1,easy,145727530,146625214,145681606,897684,-45924
20260810,29,285,5,hard_tail,921515750,927293330,921287030,5777580,-228720
20260810,30,159,3,hard_tail,514333830,517542546,514196418,3208716,-137412
20260810,31,314,5,hard_tail,1014740165,1021140839,1014511880,6400674,-228285
20260811,0,38,1,easy,123225085,123972367,123179056,747282,-46029
20260811,1,340,6,hard_tail,1099389630,1106279754,1099115136,6890124,-274494
20260811,2,51,1,easy,165015340,166041940,164969506,1026600,-45834
20260811,3,45,1,easy,145727530,146625214,145681606,897684,-45924
20260811,4,114,2,medium,368606300,370917332,368514812,2311032,-91488
20260811,5,100,2,medium,323601410,325611638,323509712,2010228,-91698
20260811,6,21,1,easy,68576290,68958310,68530006,382020,-46284
20260811,7,78,1,medium,251810485,253417207,251765056,1606722,-45429
20260811,8,113,2,medium,365391665,367681211,365300162,2289546,-91503
20260811,9,74,1,medium,238951945,240472723,238906456,1520778,-45489
20260811,10,32,1,easy,103937275,104555641,103891156,618366,-46119
20260811,11,73,1,medium,235737310,237236602,235691806,1499292,-45504
20260811,12,137,2,hard_tail,442542905,445348115,442451762,2805210,-91143
20260811,13,126,2,medium,407181920,409750784,407090612,2568864,-91308
20260811,14,36,1,easy,116795815,117500125,116749756,704310,-46059
20260811,15,537,9,hard_tail,1735879590,1746794898,1735468254,10915308,-411336
20260811,16,135,2,hard_tail,436113635,438875873,436022462,2762238,-91173
20260811,17,66,1,medium,213234865,214583755,213189256,1348890,-45609
20260811,18,254,4,hard_tail,820793110,825973810,820610524,5180700,-182586
20260811,19,23,1,easy,75005560,75430552,74959306,424992,-46254
20260811,20,132,2,hard_tail,426469730,429167510,426378512,2697780,-91218
20260811,21,183,3,hard_tail,591485070,595209450,591348018,3724380,-137052
20260811,22,64,1,medium,206805595,208111513,206759956,1305918,-45639
20260811,23,195,3,hard_tail,630060690,634042902,629923818,3982212,-136872
20260811,24,73,1,medium,235737310,237236602,235691806,1499292,-45504
20260811,25,371,6,hard_tail,1199043315,1206599505,1198769286,7556190,-274029
20260811,26,1940,32,hard_tail,6270598460,6310067348,6269136392,39468888,-1462068
20260811,27,334,6,hard_tail,1080101820,1086863028,1079827236,6761208,-274584
20260811,28,538,9,hard_tail,1739094225,1750031019,1738682904,10936794,-411321
20260811,29,34,1,easy,110366545,111027883,110320456,661338,-46089
20260811,30,31,1,easy,100722640,101319520,100676506,596880,-46134
20260811,31,57,1,easy,184303150,185458666,184257406,1155516,-45744
20260812,0,63,1,medium,203590960,204875392,203545306,1284432,-45654
20260812,1,56,1,easy,181088515,182222545,181042756,1134030,-45759
20260812,2,96,2,medium,310742870,312667154,310651112,1924284,-91758
20260812,3,160,3,hard_tail,517548465,520778667,517411068,3230202,-137397
20260812,4,64,1,medium,206805595,208111513,206759956,1305918,-45639
20260812,5,27,1,easy,87864100,88375036,87817906,510936,-46194
20260812,6,187,3,hard_tail,604343610,608153934,604206618,3810324,-136992
20260812,7,234,4,hard_tail,756500410,761251390,756317524,4750980,-182886
20260812,8,79,1,medium,255025120,256653328,254979706,1628208,-45414
20260812,9,58,1,medium,187517785,188694787,187472056,1177002,-45729
20260812,10,36,1,easy,116795815,117500125,116749756,704310,-46059
20260812,11,48,1,easy,155371435,156333577,155325556,962142,-45879
20260812,12,99,2,medium,320386775,322375517,320295062,1988742,-91713
20260812,13,173,3,hard_tail,559338720,562848240,559201518,3509520,-137202
20260812,14,403,7,hard_tail,1302980590,1311155146,1302660442,8174556,-320148
20260812,15,641,11,hard_tail,2072339540,2085351020,2071836566,13011480,-502974
20260812,16,71,1,medium,229308040,230764360,229262506,1456320,-45534
20260812,17,55,1,easy,177873880,178986424,177828106,1112544,-45774
20260812,18,59,1,medium,190732420,191930908,190686706,1198488,-45714
20260812,19,106,2,medium,342889220,345028364,342797612,2139144,-91608
20260812,20,616,10,hard_tail,1990904710,2003448226,1990447960,12543516,-456750
20260812,21,48,1,easy,155371435,156333577,155325556,962142,-45879
20260812,22,116,2,medium,375035570,377389574,374944112,2354004,-91458
20260812,23,34,1,easy,110366545,111027883,110320456,661338,-46089
20260812,24,417,7,hard_tail,1347985480,1356460840,1347665542,8475360,-319938
20260812,25,133,2,hard_tail,429684365,432403631,429593162,2719266,-91203
20260812,26,78,1,medium,251810485,253417207,251765056,1606722,-45429
20260812,27,64,1,medium,206805595,208111513,206759956,1305918,-45639
20260812,28,48,1,easy,155371435,156333577,155325556,962142,-45879
20260812,29,110,2,medium,355747760,357972848,355656212,2225088,-91548
20260812,30,79,1,medium,255025120,256653328,254979706,1628208,-45414
20260812,31,318,5,hard_tail,1027598705,1034085323,1027370480,6486618,-228225
