sample_seed,shot,trajectory,shot_class,relay_leg,starting_residual,first_iteration_residual,minimum_residual,ending_residual,iterations_used,global_best_before,global_best_after,net_endpoint_improvement,new_global_best_improvement,decision_churn,residual_vector_movement,frozen_stagnation_steps,churning_stagnation_steps,marginal_saturation_hits,nu_saturation_hits,mu_saturation_hits,accumulator_saturation_hits,mean_marginal_sat_fraction,mean_marginal_near_zero_fraction,converged,category
20260809,31,E0,easy,1,153,192,0,0,22,153,0,153,153,1742,1221,1,4,0,0,0,0,0.0,0.030270827295269385,1,productive
20260809,31,E1,easy,1,153,192,0,0,22,153,0,153,153,1742,1221,1,4,0,0,0,0,0.0,0.030270827295269385,1,productive
20260810,15,E0,easy,1,131,162,0,0,17,131,0,131,131,923,769,0,2,0,0,0,0,0.0,0.024842331548276413,1,productive
20260810,15,E1,easy,1,131,162,0,0,17,131,0,131,131,923,769,0,2,0,0,0,0,0.0,0.024842331548276413,1,productive
20260811,6,E0,easy,1,144,188,0,0,21,144,0,144,144,1568,996,0,9,0,0,0,0,0.0,0.024529235475037818,1,productive
20260811,6,E1,easy,1,144,188,0,0,21,144,0,144,144,1568,996,0,9,0,0,0,0,0.0,0.024529235475037818,1,productive
20260809,2,E0,typical,1,216,356,0,0,74,216,0,216,216,5725,3122,0,56,258573,1345032,0,0,0.0515750208231611,0.01989529380602707,1,productive
20260809,2,E1,typical,1,216,356,0,0,74,216,0,216,216,5725,3122,0,56,258573,1345032,0,0,0.0515750208231611,0.01989529380602707,1,productive
20260810,22,E0,typical,1,138,169,0,0,77,138,0,138,138,2756,1714,0,49,279033,1462767,0,0,0.05348670399148614,0.00949624528264273,1,productive
20260810,22,E1,typical,1,138,169,0,0,77,138,0,138,138,2756,1714,0,49,279033,1462767,0,0,0.05348670399148614,0.00949624528264273,1,productive
20260811,25,E0,moderately_hard,1,169,240,6,13,80,169,6,156,163,4065,2638,0,59,1151412,6731591,0,0,0.21243136733970952,0.014522634018183966,0,productive
20260811,25,E0,moderately_hard,2,13,868,9,10,60,6,6,3,0,84890,10923,0,58,0,0,0,0,0.0,0.07503714527492424,0,stagnant
20260811,25,E0,moderately_hard,3,10,833,3,28,60,6,3,-18,3,17386,5572,0,55,0,0,0,0,0.0,0.03747712244656985,0,weak
20260811,25,E0,moderately_hard,4,28,872,2,263,60,3,2,-235,1,28011,6179,0,50,0,0,0,0,0.0,0.04027334986421064,0,weak
20260811,25,E0,moderately_hard,5,263,878,1,13,60,2,1,250,1,18309,6272,2,49,0,0,0,0,0.0,0.046781398827094894,0,weak
20260811,25,E0,moderately_hard,6,13,873,0,0,51,1,0,13,1,20283,5559,0,46,0,0,0,0,0.0,0.046992028597954705,1,productive
20260811,25,E1,moderately_hard,1,169,240,6,13,80,169,6,156,163,4065,2638,0,59,1151412,6731591,0,0,0.21243136733970952,0.014522634018183966,0,productive
20260811,25,E1,moderately_hard,2,13,864,2,8,60,6,2,5,4,85110,10489,0,45,0,0,0,0,0.0,0.07317496162474908,0,weak
20260811,25,E1,moderately_hard,3,8,878,5,8,60,2,2,0,0,24417,6012,0,57,0,0,0,0,0.0,0.041990396347463294,0,stagnant
20260811,25,E1,moderately_hard,4,8,887,5,173,60,2,2,-165,0,24620,6727,0,55,0,0,0,0,0.0,0.04579225213523831,0,regressive
20260811,25,E1,moderately_hard,5,173,658,0,0,60,2,0,173,2,12430,6031,0,54,0,0,0,0,0.0,0.0492873519108907,1,productive
20260812,14,E0,reverse_counterexample,1,193,292,1,2,80,193,1,191,192,3275,2365,6,25,1163890,6802039,0,0,0.214733697898217,0.013569894615657102,0,productive
20260812,14,E0,reverse_counterexample,2,2,865,8,63,60,1,1,-61,0,79309,8747,0,58,0,0,0,0,0.0,0.054001603888692094,0,regressive
20260812,14,E0,reverse_counterexample,3,63,771,5,21,60,1,1,42,0,10733,5920,0,59,0,0,0,0,0.0,0.04613762939347423,0,stagnant
20260812,14,E0,reverse_counterexample,4,21,873,1,9,60,1,1,12,0,17693,4446,1,47,0,0,0,0,0.0,0.029727781713700947,0,stagnant
20260812,14,E0,reverse_counterexample,5,9,873,2,8,60,1,1,1,0,23063,5711,1,47,0,0,0,0,0.0,0.03896391742433189,0,stagnant
20260812,14,E0,reverse_counterexample,6,8,824,1,6,60,1,1,2,0,16800,5472,6,42,0,0,0,0,0.0,0.03850612036053056,0,stagnant
20260812,14,E0,reverse_counterexample,7,6,858,0,0,23,1,0,6,1,15513,2366,0,21,0,0,0,0,0.0,0.03523207400904577,1,productive
20260812,14,E1,reverse_counterexample,1,193,292,1,2,80,193,1,191,192,3275,2365,6,25,1163890,6802039,0,0,0.214733697898217,0.013569894615657102,0,productive
20260812,14,E1,reverse_counterexample,2,2,854,5,13,60,1,1,-11,0,87238,11001,0,54,0,0,0,0,0.0,0.07517539457629786,0,regressive
20260812,14,E1,reverse_counterexample,3,13,878,4,14,60,1,1,-1,0,20665,6261,0,51,0,0,0,0,0.0,0.04161180973747393,0,stagnant
20260812,14,E1,reverse_counterexample,4,14,834,10,176,60,1,1,-162,0,23536,7464,0,60,0,0,0,0,0.0,0.05373765104105167,0,regressive
20260812,14,E1,reverse_counterexample,5,176,634,1,7,60,1,1,169,0,12184,5751,2,43,0,0,0,0,0.0,0.04906866217971426,0,stagnant
20260812,14,E1,reverse_counterexample,6,7,842,1,21,60,1,1,-14,0,26791,5856,2,50,0,0,0,0,0.0,0.038590004723107814,0,regressive
20260812,14,E1,reverse_counterexample,7,21,845,10,10,60,1,1,11,0,11195,5679,0,60,0,0,0,0,0.0,0.03976118786161294,0,stagnant
20260812,14,E1,reverse_counterexample,8,10,874,11,104,60,1,1,-94,0,15417,5338,0,60,0,0,0,0,0.0,0.03397808674774668,0,regressive
20260812,14,E1,reverse_counterexample,9,104,503,4,7,60,1,1,97,0,12134,6445,0,55,0,0,0,0,0.0,0.05251284094934467,0,stagnant
20260812,14,E1,reverse_counterexample,10,7,867,10,145,60,1,1,-138,0,16692,5834,0,59,0,0,0,0,0.0,0.03846799110481362,0,regressive
20260812,14,E1,reverse_counterexample,11,145,743,9,18,60,1,1,127,0,18742,5903,0,59,0,0,0,0,0.0,0.04289196874877002,0,stagnant
20260812,14,E1,reverse_counterexample,12,18,896,2,9,60,1,1,9,0,18059,6209,1,55,0,0,0,0,0.0,0.04385971385838549,0,stagnant
20260812,14,E1,reverse_counterexample,13,9,876,5,10,60,1,1,-1,0,23400,6007,0,59,0,0,0,0,0.0,0.04160811980950132,0,stagnant
20260812,14,E1,reverse_counterexample,14,10,871,7,8,60,1,1,2,0,22091,6416,0,59,0,0,0,0,0.0,0.043714084701066636,0,stagnant
20260812,14,E1,reverse_counterexample,15,8,788,4,10,60,1,1,-2,0,11106,5100,0,55,0,0,0,0,0.0,0.03616301609792578,0,stagnant
20260812,14,E1,reverse_counterexample,16,10,812,1,7,60,1,1,3,0,18467,5495,1,47,0,0,0,0,0.0,0.03961728067068131,0,stagnant
20260812,14,E1,reverse_counterexample,17,7,855,4,6,60,1,1,1,0,16333,3283,0,50,0,0,0,0,0.0,0.016572696500964303,0,stagnant
20260812,14,E1,reverse_counterexample,18,6,913,5,20,60,1,1,-14,0,26288,5752,0,52,0,0,0,0,0.0,0.03748179635533515,0,regressive
20260812,14,E1,reverse_counterexample,19,20,831,6,16,60,1,1,4,0,22196,5896,0,59,0,0,0,0,0.0,0.04065242846459637,0,stagnant
20260812,14,E1,reverse_counterexample,20,16,828,3,23,60,1,1,-7,0,19136,6103,0,46,0,0,0,0,0.0,0.04524737277128352,0,regressive
20260812,14,E1,reverse_counterexample,21,23,739,9,14,60,1,1,9,0,8766,5725,0,59,0,0,0,0,0.0,0.04315936552918487,0,stagnant
20260812,14,E1,reverse_counterexample,22,14,845,2,12,60,1,1,2,0,21815,5940,0,59,0,0,0,0,0.0,0.039155301688511036,0,stagnant
20260812,14,E1,reverse_counterexample,23,12,839,11,31,60,1,1,-19,0,16579,6073,0,60,0,0,0,0,0.0,0.0409621364190971,0,regressive
20260812,14,E1,reverse_counterexample,24,31,841,2,10,60,1,1,21,0,17002,6037,0,55,0,0,0,0,0.0,0.04455096036525367,0,stagnant
20260812,14,E1,reverse_counterexample,25,10,874,5,13,60,1,1,-3,0,16978,4519,0,60,0,0,0,0,0.0,0.024744656984295666,0,stagnant
20260812,14,E1,reverse_counterexample,26,13,856,7,10,60,1,1,3,0,14587,5191,0,59,0,0,0,0,0.0,0.036203359310426265,0,stagnant
20260812,14,E1,reverse_counterexample,27,10,881,2,20,60,1,1,-10,0,19741,7124,0,55,0,0,0,0,0.0,0.05042729365922776,0,regressive
20260812,14,E1,reverse_counterexample,28,20,784,3,62,60,1,1,-42,0,12516,6054,1,50,0,0,0,0,0.0,0.04430521116227812,0,regressive
20260812,14,E1,reverse_counterexample,29,62,546,4,10,60,1,1,52,0,16340,6064,0,56,0,0,0,0,0.0,0.04911564726256544,0,stagnant
20260812,14,E1,reverse_counterexample,30,10,869,1,2,60,1,1,8,0,31143,5992,1,50,0,0,0,0,0.0,0.03875457551068604,0,stagnant
20260812,14,E1,reverse_counterexample,31,2,846,2,202,60,1,1,-200,0,30353,6928,0,51,0,0,0,0,0.0,0.046768361081591686,0,regressive
20260812,14,E1,reverse_counterexample,32,202,714,4,8,60,1,1,194,0,18476,5908,0,52,0,0,0,0,0.0,0.04355320384146101,0,stagnant
20260811,28,E0,hard_major_improvement,1,170,205,2,2,80,170,2,168,168,4020,2468,0,52,6457,30655,0,0,0.001191293245955839,0.014648091569252569,0,productive
20260811,28,E0,hard_major_improvement,2,2,855,1,7,60,2,1,-5,1,72476,8679,4,37,0,0,0,0,0.0,0.05445152910615186,0,weak
20260811,28,E0,hard_major_improvement,3,7,893,4,11,60,1,1,-4,0,24421,5420,1,50,0,0,0,0,0.0,0.03753689927972606,0,stagnant
20260811,28,E0,hard_major_improvement,4,11,876,2,386,60,1,1,-375,0,27437,6649,0,57,0,0,0,0,0.0,0.04289664265753533,0,regressive
20260811,28,E0,hard_major_improvement,5,386,803,6,25,60,1,1,361,0,14154,5345,0,53,0,0,0,0,0.0,0.04119287991498406,0,stagnant
20260811,28,E0,hard_major_improvement,6,25,672,7,13,60,1,1,12,0,16790,8140,0,59,0,0,0,0,0.0,0.06511665092297399,0,stagnant
20260811,28,E0,hard_major_improvement,7,13,539,3,11,60,1,1,2,0,6193,4610,0,57,0,0,0,0,0.0,0.03667001220136183,0,stagnant
20260811,28,E0,hard_major_improvement,8,11,849,2,3,60,1,1,8,0,20667,5566,0,50,0,0,0,0,0.0,0.03918629708348093,0,stagnant
20260811,28,E0,hard_major_improvement,9,3,849,0,0,38,1,0,3,1,12537,2477,0,31,0,0,0,0,0.0,0.02290823809435029,1,productive
20260811,28,E1,hard_major_improvement,1,170,205,2,2,80,170,2,168,168,4020,2468,0,52,6457,30655,0,0,0.001191293245955839,0.014648091569252569,0,productive
20260811,28,E1,hard_major_improvement,2,2,860,0,0,29,2,0,2,2,66845,6472,0,24,0,0,0,0,0.0,0.07693728852895551,1,productive
20260810,4,E0,severe_success,1,178,302,53,69,80,178,53,109,125,13562,7085,0,64,0,0,0,0,0.0,0.04668828964458614,0,productive
20260810,4,E0,severe_success,2,69,792,25,227,60,53,25,-158,28,21956,6116,0,52,0,0,0,0,0.0,0.03949797299956705,0,productive
20260810,4,E0,severe_success,3,227,699,8,201,60,25,8,26,17,11133,5682,0,56,0,0,0,0,0.0,0.04173505333175896,0,productive
20260810,4,E0,severe_success,4,201,681,3,21,60,8,3,180,5,18243,6006,0,51,0,0,0,0,0.0,0.04463902664619987,0,productive
20260810,4,E0,severe_success,5,21,686,7,16,60,3,3,5,0,8863,5433,0,59,0,0,0,0,0.0,0.04286958318573621,0,stagnant
20260810,4,E0,severe_success,6,16,876,26,45,60,3,3,-29,0,20294,6167,0,60,0,0,0,0,0.0,0.03944311607037431,0,regressive
20260810,4,E0,severe_success,7,45,878,15,81,60,3,3,-36,0,10896,5756,0,60,0,0,0,0,0.0,0.036328078875900345,0,regressive
20260810,4,E0,severe_success,8,81,873,1,9,60,3,1,72,2,16193,6436,1,47,0,0,0,0,0.0,0.04849377140158224,0,weak
20260810,4,E0,severe_success,9,9,912,1,1,60,1,1,8,0,21100,5510,4,47,0,0,0,0,0.0,0.03757232258826307,0,stagnant
20260810,4,E0,severe_success,10,1,898,12,22,60,1,1,-21,0,24957,6325,0,60,0,0,0,0,0.0,0.04072475105285944,0,regressive
20260810,4,E0,severe_success,11,22,888,9,161,60,1,1,-139,0,15017,6605,0,60,0,0,0,0,0.0,0.04696466524973431,0,regressive
20260810,4,E0,severe_success,12,161,838,6,17,60,1,1,144,0,14917,5900,0,56,0,0,0,0,0.0,0.04421468492935018,0,stagnant
20260810,4,E0,severe_success,13,17,850,9,10,60,1,1,7,0,27351,8021,0,60,0,0,0,0,0.0,0.056920090919825236,0,stagnant
20260810,4,E0,severe_success,14,10,834,11,141,60,1,1,-131,0,16100,5789,0,60,0,0,0,0,0.0,0.03561321683000748,0,regressive
20260810,4,E0,severe_success,15,141,847,7,398,60,1,1,-257,0,19794,7621,0,58,0,0,0,0,0.0,0.05600105285944818,0,regressive
20260810,4,E0,severe_success,16,398,697,0,0,47,1,0,398,1,6988,3650,1,31,0,0,0,0,0.0,0.04176621621282123,1,productive
20260810,4,E1,severe_success,1,178,302,53,69,80,178,53,109,125,13562,7085,0,64,0,0,0,0,0.0,0.04668828964458614,0,productive
20260810,4,E1,severe_success,2,69,749,15,87,60,53,15,-18,38,20437,4974,0,53,0,0,0,0,0.0,0.03290333372692565,0,productive
20260810,4,E1,severe_success,3,87,810,0,0,43,15,0,87,15,10091,4709,0,38,0,0,0,0,0.0,0.04721082635164637,1,productive
20260810,9,E0,severe_success,1,213,337,24,29,80,213,24,184,189,14463,5708,0,66,0,0,0,0,0.0,0.04242162592986185,0,productive
20260810,9,E0,severe_success,2,29,811,8,92,60,24,8,-63,16,32550,7259,0,54,0,0,0,0,0.0,0.05071215609871295,0,productive
20260810,9,E0,severe_success,3,92,870,9,13,60,8,8,79,0,17433,5999,0,59,0,0,0,0,0.0,0.042916814263785574,0,stagnant
20260810,9,E0,severe_success,4,13,904,9,10,60,8,8,3,0,15822,4385,0,59,0,0,0,0,0.0,0.025921744007556976,0,stagnant
20260810,9,E0,severe_success,5,10,875,6,208,60,8,6,-198,2,22810,5220,0,59,0,0,0,0,0.0,0.03248784783721022,0,weak
20260810,9,E0,severe_success,6,208,870,1,116,60,6,1,92,5,25921,8220,1,42,0,0,0,0,0.0,0.06429576494666825,0,productive
20260810,9,E0,severe_success,7,116,507,5,15,60,1,1,101,0,10552,6071,0,57,0,0,0,0,0.0,0.052265123784783714,0,stagnant
20260810,9,E0,severe_success,8,15,871,9,9,60,1,1,6,0,23980,6758,0,57,0,0,0,0,0.0,0.048207432990908024,0,stagnant
20260810,9,E0,severe_success,9,9,855,12,17,60,1,1,-8,0,22960,6234,0,60,0,0,0,0,0.0,0.043138701932538284,0,regressive
20260810,9,E0,severe_success,10,17,848,3,11,60,1,1,6,0,17122,5130,0,55,0,0,0,0,0.0,0.03604961231156768,0,stagnant
20260810,9,E0,severe_success,11,11,865,5,60,60,1,1,-49,0,24548,6057,0,58,0,0,0,0,0.0,0.04255298736568662,0,regressive
20260810,9,E0,severe_success,12,60,636,20,32,60,1,1,28,0,5601,4236,0,60,0,0,0,0,0.0,0.037382414295272955,0,stagnant
20260810,9,E0,severe_success,13,32,866,6,20,60,1,1,12,0,23347,8200,0,58,0,0,0,0,0.0,0.06346307120085017,0,stagnant
20260810,9,E0,severe_success,14,20,709,11,185,60,1,1,-165,0,10411,6061,0,60,0,0,0,0,0.0,0.04396942771677097,0,regressive
20260810,9,E0,severe_success,15,185,813,2,20,60,1,1,165,0,18750,5799,0,59,0,0,0,0,0.0,0.043864387767150785,0,stagnant
20260810,9,E0,severe_success,16,20,866,8,18,60,1,1,2,0,21418,5610,0,60,0,0,0,0,0.0,0.038432321801078445,0,stagnant
20260810,9,E0,severe_success,17,18,848,7,7,60,1,1,11,0,18362,5877,0,58,0,0,0,0,0.0,0.04442845475656316,0,stagnant
20260810,9,E0,severe_success,18,7,872,9,148,60,1,1,-141,0,20114,5913,0,59,0,0,0,0,0.0,0.042864909276970925,0,regressive
20260810,9,E0,severe_success,19,148,654,5,16,60,1,1,132,0,14259,6812,0,58,0,0,0,0,0.0,0.05825756681229582,0,stagnant
20260810,9,E0,severe_success,20,16,890,7,9,60,1,1,7,0,22661,6177,0,60,0,0,0,0,0.0,0.042846705632306054,0,stagnant
20260810,9,E0,severe_success,21,9,837,3,14,60,1,1,-5,0,23431,6077,0,59,0,0,0,0,0.0,0.0430813850513638,0,regressive
20260810,9,E0,severe_success,22,14,871,2,3,60,1,1,11,0,19324,5309,0,48,0,0,0,0,0.0,0.040581335852324166,0,stagnant
20260810,9,E0,severe_success,23,3,841,17,164,60,1,1,-161,0,20098,5341,0,60,0,0,0,0,0.0,0.03743038335891683,0,regressive
20260810,9,E0,severe_success,24,164,691,0,0,30,1,0,164,1,6303,3302,0,27,0,0,0,0,0.0,0.05826494666824103,1,productive
20260810,9,E1,severe_success,1,213,337,24,29,80,213,24,184,189,14463,5708,0,66,0,0,0,0,0.0,0.04242162592986185,0,productive
20260810,9,E1,severe_success,2,29,835,4,18,60,24,4,11,20,29988,6501,0,45,0,0,0,0,0.0,0.04980763175502814,0,productive
20260810,9,E1,severe_success,3,18,852,5,5,60,4,4,13,0,17289,6025,0,58,0,0,0,0,0.0,0.04299479474160663,0,stagnant
20260810,9,E1,severe_success,4,5,880,4,4,60,4,4,1,0,21959,5317,0,60,0,0,0,0,0.0,0.03543757625851144,0,stagnant
20260810,9,E1,severe_success,5,4,856,3,6,60,4,3,-2,1,19785,5848,0,54,0,0,0,0,0.0,0.043055309560357385,0,weak
20260810,9,E1,severe_success,6,6,890,7,19,60,3,3,-13,0,24937,6129,0,58,0,0,0,0,0.0,0.04248853662376509,0,regressive
20260810,9,E1,severe_success,7,19,854,3,15,60,3,3,4,0,21379,6256,0,56,0,0,0,0,0.0,0.04279922855905852,0,stagnant
20260810,9,E1,severe_success,8,15,844,13,18,60,3,3,-3,0,16796,6143,0,60,0,0,0,0,0.0,0.04734079190774196,0,stagnant
20260810,9,E1,severe_success,9,18,884,0,0,43,3,0,18,3,19674,5066,0,42,0,0,0,0,0.0,0.04881448621099661,1,productive
20260809,18,E0,rescue,1,232,338,8,12,80,232,8,220,224,5684,3702,0,57,388329,2099587,0,0,0.07164567097650254,0.024638571555083248,0,productive
20260809,18,E0,rescue,2,12,849,5,12,60,8,5,0,3,84572,10724,0,53,0,0,0,0,0.0,0.08053784390128702,0,weak
20260809,18,E0,rescue,3,12,860,7,13,60,5,5,-1,0,23135,5713,0,57,0,0,0,0,0.0,0.04025293226276224,0,stagnant
20260809,18,E0,rescue,4,13,832,13,17,60,5,5,-4,0,10945,4054,0,60,0,0,0,0,0.0,0.023930166883142433,0,stagnant
20260809,18,E0,rescue,5,17,888,1,13,60,5,1,4,4,19532,5996,3,47,0,0,0,0,0.0,0.04418418152477663,0,weak
20260809,18,E0,rescue,6,13,849,2,3,60,1,1,10,0,17809,6214,0,49,0,0,0,0,0.0,0.04687782894477899,0,stagnant
20260809,18,E0,rescue,7,3,827,19,32,60,1,1,-29,0,24357,6361,0,60,0,0,0,0,0.0,0.04434407840358955,0,regressive
20260809,18,E0,rescue,8,32,870,10,15,60,1,1,17,0,14629,5961,0,60,0,0,0,0,0.0,0.04378197937576258,0,stagnant
20260809,18,E0,rescue,9,15,823,1,9,60,1,1,6,0,21180,5244,7,43,0,0,0,0,0.0,0.036086757586491915,0,stagnant
20260809,18,E0,rescue,10,9,866,12,21,60,1,1,-12,0,21696,6168,0,60,0,0,0,0,0.0,0.043449639863029875,0,regressive
20260809,18,E0,rescue,11,21,839,4,352,60,1,1,-331,0,24394,6363,0,55,0,0,0,0,0.0,0.04300020663596646,0,regressive
20260809,18,E0,rescue,12,352,590,11,344,60,1,1,8,0,10556,6358,0,60,0,0,0,0,0.0,0.05053651552721692,0,stagnant
20260809,18,E0,rescue,13,344,692,2,10,60,1,1,334,0,20748,6988,0,54,0,0,0,0,0.0,0.060873479749675295,0,stagnant
20260809,18,E0,rescue,14,10,825,2,2,60,1,1,8,0,22689,5862,0,58,0,0,0,0,0.0,0.040802977525878685,0,stagnant
20260809,18,E0,rescue,15,2,860,3,26,60,1,1,-24,0,19824,5824,0,58,0,0,0,0,0.0,0.039751840044082346,0,regressive
20260809,18,E0,rescue,16,26,850,15,21,60,1,1,5,0,15077,4691,0,60,0,0,0,0,0.0,0.03092454835281615,0,stagnant
20260809,18,E0,rescue,17,21,874,11,19,60,1,1,2,0,20773,6390,0,60,0,0,0,0,0.0,0.04702985397725037,0,stagnant
20260809,18,E0,rescue,18,19,883,1,23,60,1,1,-4,0,22077,6470,0,55,0,0,0,0,0.0,0.04635951706222695,0,stagnant
20260809,18,E0,rescue,19,23,906,11,18,60,1,1,5,0,17845,5969,0,60,0,0,0,0,0.0,0.040477525878694846,0,stagnant
20260809,18,E0,rescue,20,18,912,9,34,60,1,1,-16,0,17361,6366,0,60,0,0,0,0,0.0,0.045171606250246,0,regressive
20260809,18,E0,rescue,21,34,724,10,20,60,1,1,14,0,10974,6056,0,60,0,0,0,0,0.0,0.048643336482071864,0,stagnant
20260809,18,E0,rescue,22,20,858,9,17,60,1,1,3,0,17523,5131,0,60,0,0,0,0,0.0,0.0328447868697603,0,stagnant
20260809,18,E0,rescue,23,17,848,10,14,60,1,1,3,0,21181,6477,0,60,0,0,0,0,0.0,0.04589606210886763,0,stagnant
20260809,18,E0,rescue,24,14,859,1,9,60,1,1,5,0,15588,5605,0,53,0,0,0,0,0.0,0.041368520486480105,0,stagnant
20260809,18,E0,rescue,25,9,832,5,59,60,1,1,-50,0,19138,5446,0,55,0,0,0,0,0.0,0.037754851025307984,0,regressive
20260809,18,E0,rescue,26,59,578,1,62,60,1,1,-3,0,5595,3635,3,45,0,0,0,0,0.0,0.032270388082024634,0,stagnant
20260809,18,E0,rescue,27,62,911,2,28,60,1,1,34,0,23967,5948,0,50,0,0,0,0,0.0,0.04085832644546778,0,stagnant
20260809,18,E0,rescue,28,28,878,9,17,60,1,1,11,0,11736,3659,0,60,0,0,0,0,0.0,0.023252450112173816,0,stagnant
20260809,18,E0,rescue,29,17,901,5,20,60,1,1,-3,0,23250,6329,0,58,0,0,0,0,0.0,0.04464837446373048,0,stagnant
20260809,18,E0,rescue,30,20,855,3,3,60,1,1,17,0,18472,5931,0,49,0,0,0,0,0.0,0.042689514700673045,0,stagnant
20260809,18,E0,rescue,31,3,851,6,13,60,1,1,-10,0,20834,5506,0,58,0,0,0,0,0.0,0.037013667493210535,0,regressive
20260809,18,E0,rescue,32,13,881,4,9,60,1,1,4,0,26305,6296,0,59,0,0,0,0,0.0,0.04380485692919274,0,stagnant
20260809,18,E1,rescue,1,232,338,8,12,80,232,8,220,224,5684,3702,0,57,388329,2099587,0,0,0.07164567097650254,0.024638571555083248,0,productive
20260809,18,E1,rescue,2,12,868,8,16,60,8,8,-4,0,83755,11096,0,60,0,0,0,0,0.0,0.0808706754044161,0,stagnant
20260809,18,E1,rescue,3,16,842,10,10,60,8,8,6,0,13177,5262,0,60,0,0,0,0,0.0,0.036623273113708825,0,stagnant
20260809,18,E1,rescue,4,10,864,3,10,60,8,3,0,5,22707,6002,0,53,0,0,0,0,0.0,0.04241449206911481,0,productive
20260809,18,E1,rescue,5,10,887,17,65,60,3,3,-55,0,26127,7283,0,60,0,0,0,0,0.0,0.05012250560869052,0,regressive
20260809,18,E1,rescue,6,65,744,1,4,60,3,1,61,2,6016,3835,0,53,0,0,0,0,0.0,0.0317884834888023,0,weak
20260809,18,E1,rescue,7,4,841,2,11,60,1,1,-7,0,18507,4283,1,51,0,0,0,0,0.0,0.02632296217577833,0,regressive
20260809,18,E1,rescue,8,11,865,7,25,60,1,1,-14,0,24872,5570,0,58,0,0,0,0,0.0,0.03717012043924902,0,regressive
20260809,18,E1,rescue,9,25,893,3,26,60,1,1,-1,0,14108,4081,0,54,0,0,0,0,0.0,0.02558423859566261,0,stagnant
20260809,18,E1,rescue,10,26,887,0,0,34,1,0,26,1,16144,3096,0,25,0,0,0,0,0.0,0.034328919311259753,1,productive
20260810,26,E0,rescue,1,233,375,15,19,80,233,15,214,218,6761,4984,0,63,9067,53661,0,0,0.0016728288463809186,0.02954008737749439,0,productive
20260810,26,E0,rescue,2,19,874,1,109,60,15,1,-90,14,69983,8652,2,46,0,0,0,0,0.0,0.0650536761522415,0,productive
20260810,26,E0,rescue,3,109,857,9,70,60,1,1,39,0,15887,4311,0,59,0,0,0,0,0.0,0.025540451450387688,0,stagnant
20260810,26,E0,rescue,4,70,867,9,39,60,1,1,31,0,9879,4163,0,59,0,0,0,0,0.0,0.029077616404927776,0,stagnant
20260810,26,E0,rescue,5,39,846,15,49,60,1,1,-10,0,18848,6214,0,60,0,0,0,0,0.0,0.04211659188412642,0,regressive
20260810,26,E0,rescue,6,49,829,8,18,60,1,1,31,0,10698,5583,0,57,0,0,0,0,0.0,0.041760882827567215,0,stagnant
20260810,26,E0,rescue,7,18,819,12,24,60,1,1,-6,0,13425,6272,0,60,0,0,0,0,0.0,0.047934378320935174,0,regressive
20260810,26,E0,rescue,8,24,846,9,45,60,1,1,-21,0,15117,5437,0,60,0,0,0,0,0.0,0.038369839020742307,0,regressive
20260810,26,E0,rescue,9,45,651,11,11,60,1,1,34,0,7167,4560,0,59,0,0,0,0,0.0,0.03577950958397292,0,stagnant
20260810,26,E0,rescue,10,11,909,10,20,60,1,1,-9,0,22671,6811,0,60,0,0,0,0,0.0,0.04880077340890305,0,regressive
20260810,26,E0,rescue,11,20,899,8,26,60,1,1,-6,0,18545,7144,0,60,0,0,0,0,0.0,0.055587288936119965,0,regressive
20260810,26,E0,rescue,12,26,835,6,33,60,1,1,-7,0,15253,6687,0,54,0,0,0,0,0.0,0.05217976345101745,0,regressive
20260810,26,E0,rescue,13,33,895,2,37,60,1,1,-4,0,15232,6282,0,53,0,0,0,0,0.0,0.047235997953319946,0,stagnant
20260810,26,E0,rescue,14,37,845,9,11,60,1,1,26,0,12678,6056,0,60,0,0,0,0,0.0,0.04788124335812964,0,stagnant
20260810,26,E0,rescue,15,11,867,7,150,60,1,1,-139,0,15018,3653,0,59,0,0,0,0,0.0,0.021879304915968043,0,regressive
20260810,26,E0,rescue,16,150,890,3,9,60,1,1,141,0,11904,3909,0,56,0,0,0,0,0.0,0.026641525957413308,0,stagnant
20260810,26,E0,rescue,17,9,869,19,24,60,1,1,-15,0,16144,5995,0,60,0,0,0,0,0.0,0.039240662022277314,0,regressive
20260810,26,E0,rescue,18,24,879,5,8,60,1,1,16,0,11592,3658,0,51,0,0,0,0,0.0,0.022447799818947536,0,stagnant
20260810,26,E0,rescue,19,8,826,8,16,60,1,1,-8,0,22625,6278,0,60,0,0,0,0,0.0,0.043697603022788994,0,regressive
20260810,26,E0,rescue,20,16,889,19,47,60,1,1,-31,0,13046,5091,0,60,0,0,0,0,0.0,0.028103229424961622,0,regressive
20260810,26,E0,rescue,21,47,637,3,3,60,1,1,44,0,7276,5440,0,60,0,0,0,0,0.0,0.04310204864801039,0,stagnant
20260810,26,E0,rescue,22,3,839,9,168,60,1,1,-165,0,8963,3929,0,59,0,0,0,0,0.0,0.023274589680009446,0,regressive
20260810,26,E0,rescue,23,168,854,1,1,60,1,1,167,0,18006,6817,0,55,0,0,0,0,0.0,0.05202970638013147,0,stagnant
20260810,26,E0,rescue,24,1,879,10,15,60,1,1,-14,0,26275,6406,0,60,0,0,0,0,0.0,0.0445357086629669,0,regressive
20260810,26,E0,rescue,25,15,905,14,23,60,1,1,-8,0,11411,4438,0,60,0,0,0,0,0.0,0.027176565513441175,0,regressive
20260810,26,E0,rescue,26,23,864,9,14,60,1,1,9,0,9993,4029,0,59,0,0,0,0,0.0,0.024858060770653747,0,stagnant
20260810,26,E0,rescue,27,14,884,6,9,60,1,1,5,0,17649,4875,0,59,0,0,0,0,0.0,0.030196402566221903,0,stagnant
20260810,26,E0,rescue,28,9,879,11,15,60,1,1,-6,0,20524,7118,0,60,0,0,0,0,0.0,0.0503716987444405,0,regressive
20260810,26,E0,rescue,29,15,719,12,24,60,1,1,-9,0,8918,5929,0,60,0,0,0,0,0.0,0.04753906403746999,0,regressive
20260810,26,E0,rescue,30,24,870,15,17,60,1,1,7,0,11483,7131,0,60,0,0,0,0,0.0,0.054430127523910736,0,stagnant
20260810,26,E0,rescue,31,17,850,3,26,60,1,1,-9,0,17387,6701,0,48,0,0,0,0,0.0,0.05201297870665564,0,regressive
20260810,26,E0,rescue,32,26,827,12,40,60,1,1,-14,0,11809,7196,0,59,0,0,0,0,0.0,0.05462913763923327,0,regressive
20260810,26,E1,rescue,1,233,375,15,19,80,233,15,214,218,6761,4984,0,63,9067,53661,0,0,0.0016728288463809186,0.02954008737749439,0,productive
20260810,26,E1,rescue,2,19,891,5,10,60,15,5,9,10,68822,8171,0,56,0,0,0,0,0.0,0.060076455307592404,0,productive
20260810,26,E1,rescue,3,10,852,1,45,60,5,1,-35,4,24239,5707,10,37,0,0,0,0,0.0,0.03922098240642342,0,weak
20260810,26,E1,rescue,4,45,885,0,0,42,1,0,45,1,19909,3403,2,37,0,0,0,0,0.0,0.027343420542145305,1,productive
20260811,26,E0,rescue,1,130,173,2,4,80,130,2,126,128,2668,1996,0,59,140004,715288,0,0,0.025830418290234976,0.009098439898453183,0,productive
20260811,26,E0,rescue,2,4,837,4,6,60,2,2,-2,0,81416,9856,0,56,0,0,0,0,0.0,0.06637688432321802,0,stagnant
20260811,26,E0,rescue,3,6,841,1,188,60,2,1,-182,1,21605,5324,7,41,0,0,0,0,0.0,0.03413995158814499,0,weak
20260811,26,E0,rescue,4,188,857,3,200,60,1,1,-12,0,19884,6660,0,50,0,0,0,0,0.0,0.04668029480064549,0,regressive
20260811,26,E0,rescue,5,200,383,9,21,60,1,1,179,0,6476,4905,0,57,0,0,0,0,0.0,0.03847192702798441,0,stagnant
20260811,26,E0,rescue,6,21,862,2,9,60,1,1,12,0,20733,5348,0,45,0,0,0,0,0.0,0.03554064824654623,0,stagnant
20260811,26,E0,rescue,7,9,852,3,575,60,1,1,-566,0,26125,6594,0,47,0,0,0,0,0.0,0.042437615617743146,0,regressive
20260811,26,E0,rescue,8,575,850,3,121,60,1,1,454,0,23687,6636,0,53,0,0,0,0,0.0,0.05043393552957846,0,stagnant
20260811,26,E0,rescue,9,121,871,6,24,60,1,1,97,0,18414,5775,0,56,0,0,0,0,0.0,0.04019094147282245,0,stagnant
20260811,26,E0,rescue,10,24,912,5,192,60,1,1,-168,0,18267,6708,0,56,0,0,0,0,0.0,0.04846105404022514,0,regressive
20260811,26,E0,rescue,11,192,726,1,4,60,1,1,188,0,20475,5234,2,33,0,0,0,0,0.0,0.03822962175778329,0,stagnant
20260811,26,E0,rescue,12,4,878,1,216,60,1,1,-212,0,28853,5794,2,46,0,0,0,0,0.0,0.03607052190341244,0,regressive
20260811,26,E0,rescue,13,216,871,1,9,60,1,1,207,0,20345,5731,5,42,0,0,0,0,0.0,0.04226246703664344,0,stagnant
20260811,26,E0,rescue,14,9,851,1,12,60,1,1,-3,0,27421,5083,1,40,0,0,0,0,0.0,0.033959391112685484,0,stagnant
20260811,26,E0,rescue,15,12,841,3,290,60,1,1,-278,0,32080,7068,0,48,0,0,0,0,0.0,0.0463646829613886,0,regressive
20260811,26,E0,rescue,16,290,440,1,452,60,1,1,-162,0,10948,5856,8,34,0,0,0,0,0.0,0.04710955642145864,0,regressive
20260811,26,E0,rescue,17,452,840,2,25,60,1,1,427,0,23019,5527,0,49,0,0,0,0,0.0,0.04032673082221435,0,stagnant
20260811,26,E0,rescue,18,25,875,3,13,60,1,1,12,0,28160,5564,0,48,0,0,0,0,0.0,0.037728775534301574,0,stagnant
20260811,26,E0,rescue,19,13,879,4,7,60,1,1,6,0,23308,5780,0,55,0,0,0,0,0.0,0.037333461250836385,0,stagnant
20260811,26,E0,rescue,20,7,853,2,8,60,1,1,-1,0,21116,5387,0,37,0,0,0,0,0.0,0.036315041130397144,0,stagnant
20260811,26,E0,rescue,21,8,857,1,16,60,1,1,-8,0,30274,5488,1,50,0,0,0,0,0.0,0.037186602117526675,0,regressive
20260811,26,E0,rescue,22,16,851,1,227,60,1,1,-211,0,26739,6837,3,45,0,0,0,0,0.0,0.04778161530286929,0,regressive
20260811,26,E0,rescue,23,227,485,1,32,60,1,1,195,0,20387,8279,1,44,0,0,0,0,0.0,0.06653702719722912,0,stagnant
20260811,26,E0,rescue,24,32,465,1,452,60,1,1,-420,0,17833,6828,2,39,0,0,0,0,0.0,0.052868304010705705,0,regressive
20260811,26,E0,rescue,25,452,697,1,12,60,1,1,440,0,17914,5782,1,49,0,0,0,0,0.0,0.04767805132443815,0,stagnant
20260811,26,E0,rescue,26,12,825,1,12,60,1,1,0,0,28166,5236,1,49,0,0,0,0,0.0,0.034162091155980644,0,stagnant
20260811,26,E0,rescue,27,12,845,2,33,60,1,1,-21,0,20260,5163,1,50,0,0,0,0,0.0,0.03479700476246704,0,regressive
20260811,26,E0,rescue,28,33,884,8,14,60,1,1,19,0,17752,5939,0,57,0,0,0,0,0.0,0.042376362813397885,0,stagnant
20260811,26,E0,rescue,29,14,890,2,307,60,1,1,-293,0,17588,5617,1,48,0,0,0,0,0.0,0.03677628212697288,0,regressive
20260811,26,E0,rescue,30,307,872,2,215,60,1,1,92,0,22633,6354,1,42,0,0,0,0,0.0,0.0480886173101901,0,stagnant
20260811,26,E0,rescue,31,215,677,1,81,60,1,1,134,0,27382,7912,0,47,0,0,0,0,0.0,0.05852397961191797,0,stagnant
20260811,26,E0,rescue,32,81,299,11,15,60,1,1,66,0,11286,6418,0,60,0,0,0,0,0.0,0.049617969457236205,0,stagnant
20260811,26,E1,rescue,1,130,173,2,4,80,130,2,126,128,2668,1996,0,59,140004,715288,0,0,0.025830418290234976,0.009098439898453183,0,productive
20260811,26,E1,rescue,2,4,846,4,148,60,2,2,-144,0,84039,10296,0,52,0,0,0,0,0.0,0.0697669441492502,0,regressive
20260811,26,E1,rescue,3,148,896,1,204,60,2,1,-56,1,26301,7092,3,46,0,0,0,0,0.0,0.05010946786318731,0,weak
20260811,26,E1,rescue,4,204,683,3,304,60,1,1,-100,0,17463,6112,0,49,0,0,0,0,0.0,0.045171360255047824,0,regressive
20260811,26,E1,rescue,5,304,853,1,6,60,1,1,298,0,18873,5940,3,40,0,0,0,0,0.0,0.046690134608572444,0,stagnant
20260811,26,E1,rescue,6,6,833,1,5,60,1,1,1,0,27329,5361,0,47,0,0,0,0,0.0,0.036730281024914394,0,stagnant
20260811,26,E1,rescue,7,5,867,1,23,60,1,1,-18,0,24719,5518,0,39,0,0,0,0,0.0,0.036231156767819885,0,regressive
20260811,26,E1,rescue,8,23,841,3,90,60,1,1,-67,0,25889,5585,1,48,0,0,0,0,0.0,0.03539403510843468,0,regressive
20260811,26,E1,rescue,9,90,774,2,482,60,1,1,-392,0,23601,6234,0,48,0,0,0,0,0.0,0.0417234915574448,0,regressive
20260811,26,E1,rescue,10,482,891,3,57,60,1,1,425,0,17394,5493,0,45,0,0,0,0,0.0,0.03979046129019561,0,stagnant
20260811,26,E1,rescue,11,57,891,1,367,60,1,1,-310,0,28065,6042,2,43,0,0,0,0,0.0,0.037778466564332674,0,regressive
20260811,26,E1,rescue,12,367,861,2,356,60,1,1,11,0,25664,6445,1,43,0,0,0,0,0.0,0.045530759239579645,0,stagnant
20260811,26,E1,rescue,13,356,794,4,6,60,1,1,350,0,17923,6096,0,46,0,0,0,0,0.0,0.04620601605856654,0,stagnant
20260811,26,E1,rescue,14,6,864,1,15,60,1,1,-9,0,19482,5527,2,46,0,0,0,0,0.0,0.03712756326996496,0,regressive
20260811,26,E1,rescue,15,15,871,2,17,60,1,1,-2,0,24933,5856,2,48,0,0,0,0,0.0,0.038332693745818075,0,stagnant
20260811,26,E1,rescue,16,17,858,3,300,60,1,1,-283,0,25185,6883,0,52,0,0,0,0,0.0,0.04916829023497462,0,regressive
20260811,26,E1,rescue,17,300,670,6,6,60,1,1,294,0,12398,6150,0,54,0,0,0,0,0.0,0.04735038572047074,0,stagnant
20260811,26,E1,rescue,18,6,860,4,8,60,1,1,-2,0,18492,5444,0,45,0,0,0,0,0.0,0.03693322706340773,0,stagnant
20260811,26,E1,rescue,19,8,845,1,55,60,1,1,-47,0,26453,5309,6,38,0,0,0,0,0.0,0.034606358483882396,0,regressive
20260811,26,E1,rescue,20,55,859,2,3,60,1,1,52,0,21233,5274,0,46,0,0,0,0,0.0,0.0369118254811666,0,stagnant
20260811,26,E1,rescue,21,3,875,0,0,21,1,0,3,1,14660,2191,0,15,0,0,0,0,0.0,0.03546126208187845,1,productive
